Headquarters Location - Split 1,Headquarters Location - Split 2,Symbol,Security,GICS Sector,GICS Sub-Industry,Headquarters Location,Date first added,CIK,Founded,Weight,Price,Chg,% Chg,State,Abbrev,Code,Weight_rank
Cupertino,California,AAPL,Apple Inc.,Information Technology,"Technology Hardware, Storage & Peripherals","Cupertino, California",11/30/82,320193,1977,5.647607,   122.15,-3.76,(-2.99%),California,Calif.,CA,1
Redmond,Washington,MSFT,Microsoft Corp.,Information Technology,Systems Software,"Redmond, Washington",6/1/94,789019,1975,5.259655,   238.23,-8,(-3.25%),Washington,Wash.,WA,2
Seattle,Washington,AMZN,Amazon.com Inc.,Consumer Discretionary,Internet & Direct Marketing Retail,"Seattle, Washington",11/18/05,1018724,1994,3.852847,"   3,147.21",-76.7,(-2.38%),Washington,Wash.,WA,3
Menlo Park,California,FB,"Facebook, Inc.",Communication Services,Interactive Media & Services,"Menlo Park, California",12/23/13,1326801,2004,2.076443,   301.58,-4.95,(-1.61%),California,Calif.,CA,4
Mountain View,California,GOOGL,Alphabet Inc. (Class A),Communication Services,Interactive Media & Services,"Mountain View, California",4/3/14,1652044,1998,1.944478,"   2,185.49",-84.57,(-3.73%),California,Calif.,CA,5
Mountain View,California,GOOG,Alphabet Inc. (Class C),Communication Services,Interactive Media & Services,"Mountain View, California",4/3/06,1652044,1998,1.904296,"   2,227.01",-81.75,(-3.54%),California,Calif.,CA,6
Omaha,Nebraska,BRK.B,Berkshire Hathaway,Financials,Multi-Sector Holdings,"Omaha, Nebraska",2/16/10,1067983,1839,1.572538,   280.75,-4.88,(-1.71%),Nebraska,Nebr.,NE,7
New York,New York,JPM,JPMorgan Chase & Co.,Financials,Diversified Banks,"New York, New York",6/30/75,19617,1799,1.387963,   156.00,-2.54,(-1.60%),New York,N.Y.,NY,8
Palo Alto,California,TSLA,"Tesla, Inc.",Consumer Discretionary,Automobile Manufacturers,"Palo Alto, California",12/21/20,1318605,2003,1.362749,   578.70,-38.5,(-6.24%),California,Calif.,CA,9
New Brunswick,New Jersey,JNJ,Johnson & Johnson,Health Care,Pharmaceuticals,"New Brunswick, New Jersey",6/30/73,200406,1886,1.262757,   167.40,-1.48,(-0.88%),New Jersey,N.J.,NJ,10
Minnetonka,Minnesota,UNH,UnitedHealth Group Inc.,Health Care,Managed Health Care,"Minnetonka, Minnesota",7/1/94,731766,1977,1.122512,   405.37,-6.33,(-1.54%),Minnesota,Minn.,MN,11
San Francisco,California,V,Visa Inc.,Information Technology,Data Processing & Outsourced Services,"San Francisco, California",12/21/09,1403161,1958,1.08131,   218.70,-6.78,(-3.01%),California,Calif.,CA,12
Atlanta,Georgia,HD,Home Depot,Consumer Discretionary,Home Improvement Retail,"Atlanta, Georgia",3/31/88,354950,1978,1.036111,   315.35,-15.31,(-4.63%),Georgia,Ga.,GA,13
Santa Clara,California,NVDA,Nvidia Corporation,Information Technology,Semiconductors,"Santa Clara, California",11/30/01,1045810,1993,0.998142,   546.00,-26.25,(-4.59%),California,Calif.,CA,14
Cincinnati,Ohio,PG,Procter & Gamble,Consumer Staples,Personal Products,"Cincinnati, Ohio",3/4/57,80424,1837,0.956435,   135.04,-1.95,(-1.42%),Ohio,Ohio,OH,15
Burbank,California,DIS,The Walt Disney Company,Communication Services,Movies & Entertainment,"Burbank, California",6/30/76,1744489,1923,0.943863,   175.50,-6.17,(-3.40%),California,Calif.,CA,16
Harrison,New York,MA,Mastercard Inc.,Information Technology,Data Processing & Outsourced Services,"Harrison, New York",7/18/08,1141391,1966,0.90619,   353.49,-14.12,(-3.84%),New York,N.Y.,NY,17
Charlotte,North Carolina,BAC,Bank of America Corp,Financials,Diversified Banks,"Charlotte, North Carolina",6/30/76,70858,1874,0.901289,   40.78,-0.79,(-1.90%),North Carolina,N.C.,NC,18
San Jose,California,PYPL,PayPal,Information Technology,Data Processing & Outsourced Services,"San Jose, California",7/20/15,1633917,1998,0.805003,   237.10,-11.5,(-4.63%),California,Calif.,CA,19
Irving,Texas,XOM,Exxon Mobil Corp.,Energy,Integrated Oil & Gas,"Irving, Texas",3/4/57,34088,1999,0.747442,   58.60,-1.99,(-3.28%),Texas,Tex.,TX,20
Philadelphia,Pennsylvania,CMCSA,Comcast Corp.,Communication Services,Cable & Satellite,"Philadelphia, Pennsylvania",11/19/02,1166691,1963,0.741685,   56.78,-0.72,(-1.25%),Pennsylvania,Pa.,PA,21
New York,New York,VZ,Verizon Communications,Communication Services,Integrated Telecommunication Services,"New York, New York",11/30/83,732712,1877,0.694885,   58.05,-0.49,(-0.84%),New York,N.Y.,NY,22
Dallas,Texas,T,AT&T Inc.,Communication Services,Integrated Telecommunication Services,"Dallas, Texas",,732717,1885,0.656536,   31.73,-0.53,(-1.64%),Texas,Tex.,TX,23
San Jose,California,ADBE,Adobe Inc.,Information Technology,Application Software,"San Jose, California",5/5/97,796343,1982,0.648266,   471.99,-13.2,(-2.72%),California,Calif.,CA,24
Santa Clara,California,INTC,Intel Corp.,Information Technology,Semiconductors,"Santa Clara, California",12/31/76,50863,1968,0.641575,   53.49,-1.55,(-2.82%),California,Calif.,CA,25
San Jose,California,CSCO,Cisco Systems,Information Technology,Communications Equipment,"San Jose, California",12/1/93,858877,1984,0.633179,   51.50,-1.33,(-2.52%),California,Calif.,CA,26
New York,New York,PFE,Pfizer Inc.,Health Care,Pharmaceuticals,"New York, New York",3/4/57,78003,1849,0.627237,   39.41,0.06,-0.15%,New York,N.Y.,NY,27
Los Gatos,California,NFLX,Netflix Inc.,Communication Services,Movies & Entertainment,"Los Gatos, California",12/20/10,1065280,1997,0.608132,   482.84,-12.24,(-2.47%),California,Calif.,CA,28
Atlanta,Georgia,KO,Coca-Cola Company,Consumer Staples,Soft Drinks,"Atlanta, Georgia",3/4/57,21344,1886,0.600822,   53.67,-0.65,(-1.20%),Georgia,Ga.,GA,29
San Ramon,California,CVX,Chevron Corp.,Energy,Integrated Oil & Gas,"San Ramon, California",3/4/57,93410,1879,0.595496,   105.99,-0.71,(-0.67%),California,Calif.,CA,30
North Chicago,Illinois,ABT,Abbott Laboratories,Health Care,Health Care Equipment,"North Chicago, Illinois",3/31/64,1800,1888,0.594458,   116.35,-2.04,(-1.72%),Illinois,Ill.,IL,31
North Chicago,Illinois,ABBV,AbbVie Inc.,Health Care,Pharmaceuticals,"North Chicago, Illinois",12/31/12,1551152,1888,0.579011,   114.60,-0.29,(-0.25%),Illinois,Ill.,IL,32
Purchase,New York,PEP,PepsiCo Inc.,Consumer Staples,Soft Drinks,"Purchase, New York",3/4/57,77476,1898,0.57107,   144.23,-1.42,(-0.97%),New York,N.Y.,NY,33
Kenilworth,New Jersey,MRK,Merck & Co.,Health Care,Pharmaceuticals,"Kenilworth, New Jersey",3/4/57,310158,1891,0.558033,   77.50,0.04,-0.05%,New Jersey,N.J.,NJ,34
San Francisco,California,CRM,Salesforce.com,Information Technology,Application Software,"San Francisco, California",9/15/08,1108524,1999,0.553799,   208.47,-7.09,(-3.29%),California,Calif.,CA,35
Bentonville,Arkansas,WMT,Walmart,Consumer Staples,Hypermarkets & Super Centers,"Bentonville, Arkansas",8/31/82,104169,1962,0.550785,   135.44,-4.11,(-2.95%),Arkansas,Ark.,AR,36
San Francisco,California,WFC,Wells Fargo,Financials,Diversified Banks,"San Francisco, California",6/30/76,72971,1852,0.543515,   45.30,-0.42,(-0.92%),California,Calif.,CA,37
Waltham,Massachusetts,TMO,Thermo Fisher Scientific,Health Care,Life Sciences Tools & Services,"Waltham, Massachusetts",8/3/04,97745,1902,0.51491,   454.78,-9.22,(-1.99%),Massachusetts,Mass.,MA,38
San Jose,California,AVGO,Broadcom Inc.,Information Technology,Semiconductors,"San Jose, California",5/8/14,1730168,1961,0.502268,   422.00,-18.07,(-4.11%),California,Calif.,CA,39
Chicago,Illinois,MCD,McDonald's Corp.,Consumer Discretionary,Restaurants,"Chicago, Illinois",6/30/70,63908,1940,0.498753,   226.49,-7.37,(-3.15%),Illinois,Ill.,IL,40
Washington County,Oregon,NKE,"Nike, Inc.",Consumer Discretionary,"Apparel, Accessories & Luxury Goods","Washington County, Oregon",11/30/88,320187,1964,0.48929,   132.51,-4.61,(-3.36%),Oregon,Ore.,OR,41
Issaquah,Washington,COST,Costco Wholesale Corp.,Consumer Staples,Hypermarkets & Super Centers,"Issaquah, Washington",10/1/93,909832,1976,0.476412,   370.00,-8.18,(-2.16%),Washington,Wash.,WA,42
Dallas,Texas,TXN,Texas Instruments,Information Technology,Semiconductors,"Dallas, Texas",,97476,1930,0.472648,   176.40,-6.8,(-3.71%),Texas,Tex.,TX,43
Charlotte,North Carolina,HON,Honeywell Int'l Inc.,Industrials,Industrial Conglomerates,"Charlotte, North Carolina",3/31/64,773840,1906,0.453148,   219.00,-10.16,(-4.43%),North Carolina,N.C.,NC,44
New York,New York,C,Citigroup Inc.,Financials,Diversified Banks,"New York, New York",5/31/88,831001,1998,0.442432,   73.68,-1.19,(-1.59%),New York,N.Y.,NY,45
Atlanta,Georgia,UPS,United Parcel Service,Industrials,Air Freight & Logistics,"Atlanta, Georgia",7/22/02,1090727,1907,0.438655,   209.52,-4.81,(-2.24%),Georgia,Ga.,GA,46
Indianapolis,Indiana,LLY,Lilly (Eli) & Co.,Health Care,Pharmaceuticals,"Indianapolis, Indiana",12/31/70,59478,1876,0.437101,   191.85,-2.9,(-1.49%),Indiana,Ind.,IN,47
Mooresville,North Carolina,LOW,Lowe's Cos.,Consumer Discretionary,Home Improvement Retail,"Mooresville, North Carolina",2/29/84,60667,1904,0.435793,   195.74,-9.6,(-4.68%),North Carolina,N.C.,NC,48
Omaha,Nebraska,UNP,Union Pacific Corp,Industrials,Railroads,"Omaha, Nebraska",3/4/57,100885,1862,0.431696,   223.99,-2.62,(-1.16%),Nebraska,Nebr.,NE,49
New York,New York,PM,Philip Morris International,Consumer Staples,Tobacco,"New York, New York",3/31/08,1413329,1847,0.430837,   96.22,-1.07,(-1.10%),New York,N.Y.,NY,50
Austin,Texas,ORCL,Oracle Corp.,Information Technology,Application Software,"Austin, Texas",8/31/89,1341439,1977,0.419402,   76.75,-0.94,(-1.21%),Texas,Tex.,TX,51
Juno Beach,Florida,NEE,NextEra Energy,Utilities,Multi-Utilities,"Juno Beach, Florida",6/30/76,753308,1925,0.413594,   71.06,-3.01,(-4.06%),Florida,Fla.,FL,52
San Diego,California,QCOM,Qualcomm,Information Technology,Semiconductors,"San Diego, California",,804328,1985,0.41325,   123.75,-4.62,(-3.60%),California,Calif.,CA,53
Thousand Oaks,California,AMGN,Amgen Inc.,Health Care,Biotechnology,"Thousand Oaks, California",1/2/92,318154,1980,0.41164,   251.39,-0.91,(-0.36%),California,Calif.,CA,54
New York,New York,BMY,Bristol-Myers Squibb,Health Care,Health Care Distributors,"New York, New York",3/4/57,14272,1989,0.408967,   64.47,0.21,-0.33%,New York,N.Y.,NY,55
Seattle,Washington,SBUX,Starbucks Corp.,Consumer Discretionary,Restaurants,"Seattle, Washington",,829224,1971,0.379647,   109.24,-4.31,(-3.80%),Washington,Wash.,WA,56
Deerfield,Illinois,CAT,Caterpillar Inc.,Industrials,Construction Machinery & Heavy Trucks,"Deerfield, Illinois",3/4/57,18230,1925,0.373246,   233.09,-6.21,(-2.60%),Illinois,Ill.,IL,57
Armonk,New York,IBM,International Business Machines,Information Technology,IT Consulting & Other Services,"Armonk, New York",3/4/57,51143,1911,0.368505,   140.20,-4.02,(-2.79%),New York,N.Y.,NY,58
New York,New York,MS,Morgan Stanley,Financials,Investment Banking & Brokerage,"New York, New York",,895421,1935,0.366091,   82.61,-2.31,(-2.72%),New York,N.Y.,NY,59
Waltham,Massachusetts,RTX,Raytheon Technologies,Industrials,Aerospace & Defense,"Waltham, Massachusetts",,101829,1922,0.364554,   82.28,-2.05,(-2.43%),Massachusetts,Mass.,MA,60
Chicago,Illinois,BA,Boeing Company,Industrials,Aerospace & Defense,"Chicago, Illinois",3/4/57,12927,1916,0.360529,   219.49,-9.39,(-4.10%),Illinois,Ill.,IL,61
New York,New York,GS,Goldman Sachs Group,Financials,Investment Banking & Brokerage,"New York, New York",7/22/02,886982,1869,0.357872,   348.50,-11.42,(-3.17%),New York,N.Y.,NY,62
Moline,Illinois,DE,Deere & Co.,Industrials,Agricultural & Farm Machinery,"Moline, Illinois",3/4/57,315189,1837,0.346114,   368.00,-15.2,(-3.97%),Illinois,Ill.,IL,63
New York,New York,BLK,BlackRock,Financials,Asset Management & Custody Banks,"New York, New York",4/4/11,1364742,1988,0.343385,   807.00,-37.1,(-4.40%),New York,N.Y.,NY,64
St. Paul,Minnesota,MMM,3M Company,Industrials,Industrial Conglomerates,"St. Paul, Minnesota",8/9/76,66740,1902,0.338734,   197.48,-6.24,(-3.06%),Minnesota,Minn.,MN,65
Boston,Massachusetts,GE,General Electric,Industrials,Industrial Conglomerates,"Boston, Massachusetts",,40545,1892,0.330235,   12.69,-0.4,(-3.06%),Massachusetts,Mass.,MA,66
Santa Clara,California,AMAT,Applied Materials Inc.,Information Technology,Semiconductor Equipment,"Santa Clara, California",3/16/95,6951,1967,0.322817,   113.75,-9.8,(-7.93%),California,Calif.,CA,67
Boston,Massachusetts,AMT,American Tower Corp.,Real Estate,Specialized REITs,"Boston, Massachusetts",11/19/07,1053507,1995,0.318314,   240.90,-6.42,(-2.60%),Massachusetts,Mass.,MA,68
Woonsocket,Rhode Island,CVS,CVS Health,Health Care,Health Care Services,"Woonsocket, Rhode Island",3/4/57,64803,1996,0.317702,   83.38,-0.99,(-1.17%),Rhode Island,R.I.,RI,69
Mountain View,California,INTU,Intuit Inc.,Information Technology,Application Software,"Mountain View, California",12/5/00,896878,1983,0.303342,   399.99,5,-1.27%,California,Calif.,CA,70
Minneapolis,Minnesota,TGT,Target Corp.,Consumer Discretionary,General Merchandise Stores,"Minneapolis, Minnesota",12/31/76,27419,1902,0.302526,   203.49,-5.75,(-2.75%),Minnesota,Minn.,MN,71
Westlake,Texas,SCHW,Charles Schwab Corporation,Financials,Investment Banking & Brokerage,"Westlake, Texas",6/2/97,316709,1971,0.300272,   69.12,-1.51,(-2.14%),Texas,Tex.,TX,72
New York,New York,AXP,American Express,Financials,Consumer Finance,"New York, New York",6/30/76,4962,1850,0.292199,   151.50,-2.93,(-1.90%),New York,N.Y.,NY,73
Indianapolis,Indiana,ANTM,Anthem,Health Care,Managed Health Care,"Indianapolis, Indiana",7/25/02,1156039,1946,0.27776,   390.17,-4.32,(-1.10%),Indiana,Ind.,IN,74
Sunnyvale,California,ISRG,Intuitive Surgical Inc.,Health Care,Health Care Equipment,"Sunnyvale, California",6/2/08,1035267,1995,0.277298,   815.37,-21.38,(-2.56%),California,Calif.,CA,75
Stamford,Connecticut,CHTR,Charter Communications,Communication Services,Cable & Satellite,"Stamford, Connecticut",9/8/16,1091667,1993,0.277261,   670.00,-15.09,(-2.20%),Connecticut,Conn.,CT,76
Bethesda,Maryland,LMT,Lockheed Martin Corp.,Industrials,Aerospace & Defense,"Bethesda, Maryland",7/31/84,936468,1995,0.273463,   377.30,-10.52,(-2.71%),Maryland,Md.,MD,77
Richmond,Virginia,MO,Altria Group Inc,Consumer Staples,Tobacco,"Richmond, Virginia",3/4/57,764180,1985,0.265828,   49.00,-1.43,(-2.84%),Virginia,Va.,VA,78
New York,New York,SPGI,S&P Global Inc.,Financials,Financial Exchanges & Data,"New York, New York",,64040,1917,0.26516,   370.00,-9.67,(-2.55%),New York,N.Y.,NY,79
Bloomfield,Connecticut,CI,Cigna,Health Care,Managed Health Care,"Bloomfield, Connecticut",6/30/76,1739940,1982,0.265014,   257.82,-3.04,(-1.17%),Connecticut,Conn.,CT,80
Jacksonville,Florida,FIS,Fidelity National Information Services,Information Technology,Data Processing & Outsourced Services,"Jacksonville, Florida",11/10/06,1136893,1968,0.26198,   144.79,-3.25,(-2.20%),Florida,Fla.,FL,81
Norwalk,Connecticut,BKNG,Booking Holdings Inc,Consumer Discretionary,Internet & Direct Marketing Retail,"Norwalk, Connecticut",11/6/09,1075531,1996,0.2616,"   2,172.25",-75.43,(-3.36%),Connecticut,Conn.,CT,82
Santa Clara,California,AMD,Advanced Micro Devices,Information Technology,Semiconductors,"Santa Clara, California",3/20/17,2488,1969,0.259352,   74.15,-2.68,(-3.49%),California,Calif.,CA,83
Santa Clara,California,NOW,ServiceNow,Information Technology,Systems Software,"Santa Clara, California",11/21/19,1373715,2003,0.258256,   462.00,-19.5,(-4.05%),California,Calif.,CA,84
Boise,Idaho,MU,Micron Technology,Information Technology,Semiconductors,"Boise, Idaho",9/27/94,723125,1978,0.255199,   76.15,-4.53,(-5.61%),Idaho,Idaho,ID,85
Chicago,Illinois,MDLZ,Mondelez International,Consumer Staples,Packaged Foods & Meats,"Chicago, Illinois",10/2/12,1103982,2012,0.247349,   61.56,-0.39,(-0.63%),Illinois,Ill.,IL,86
Framingham,Massachusetts,TJX,TJX Companies Inc.,Consumer Discretionary,Apparel Retail,"Framingham, Massachusetts",9/30/85,109198,1987,0.247304,   69.30,-2.71,(-3.76%),Massachusetts,Mass.,MA,87
San Francisco,California,PLD,Prologis,Real Estate,Industrial REITs,"San Francisco, California",7/17/03,1045609,1983,0.242493,   112.00,-2.86,(-2.49%),California,Calif.,CA,88
Foster City,California,GILD,Gilead Sciences,Health Care,Biotechnology,"Foster City, California",7/1/04,882095,1987,0.239293,   67.19,-0.03,(-0.04%),California,Calif.,CA,89
Pittsburgh,Pennsylvania,PNC,PNC Financial Services,Financials,Regional Banks,"Pittsburgh, Pennsylvania",4/30/88,713676,1845,0.237599,   190.41,-3.63,(-1.87%),Pennsylvania,Pa.,PA,90
Fremont,California,LRCX,Lam Research,Information Technology,Semiconductor Equipment,"Fremont, California",6/29/12,707549,1980,0.236502,   551.57,-40.86,(-6.90%),California,Calif.,CA,91
Kalamazoo,Michigan,SYK,Stryker Corp.,Health Care,Health Care Equipment,"Kalamazoo, Michigan",12/12/00,310764,1941,0.236432,   244.00,-7.5,(-2.98%),Michigan,Mich.,MI,92
Minneapolis,Minnesota,USB,U.S. Bancorp,Financials,Diversified Banks,"Minneapolis, Minnesota",,36104,1968,0.235964,   60.39,0.24,-0.40%,Minnesota,Minn.,MN,93
Roseland,New Jersey,ADP,Automatic Data Processing,Information Technology,Data Processing & Outsourced Services,"Roseland, New Jersey",3/31/81,8670,1949,0.234766,   189.44,-5.03,(-2.59%),New Jersey,N.J.,NJ,94
Charlotte,North Carolina,TFC,Truist Financial,Financials,Regional Banks,"Charlotte, North Carolina",12/4/97,92230,1872,0.231492,   59.13,-1.36,(-2.25%),North Carolina,N.C.,NC,95
Parsippany,New Jersey,ZTS,Zoetis,Health Care,Pharmaceuticals,"Parsippany, New Jersey",6/21/13,1555280,1952,0.229529,   168.04,-2.19,(-1.29%),New Jersey,N.J.,NJ,96
Charlotte,North Carolina,DUK,Duke Energy,Utilities,Electric Utilities,"Charlotte, North Carolina",6/30/76,1326160,1904,0.225028,   101.00,-2.63,(-2.54%),North Carolina,N.C.,NC,97
Bellevue,Washington,TMUS,T-Mobile US,Communication Services,Wireless Telecommunication Services,"Bellevue, Washington",7/15/19,1283699,1994,0.223868,   135.74,-2.26,(-1.64%),Washington,Wash.,WA,98
Houston,Texas,CCI,Crown Castle,Real Estate,Specialized REITs,"Houston, Texas",3/14/12,1051470,1994,0.222974,   178.00,-4.22,(-2.32%),Texas,Tex.,TX,99
Jacksonville,Florida,CSX,CSX Corp.,Industrials,Railroads,"Jacksonville, Florida",9/30/67,277948,1980,0.221981,   99.74,-1.8,(-1.77%),Florida,Fla.,FL,100
Houston,Texas,COP,ConocoPhillips,Energy,Oil & Gas Exploration & Production,"Houston, Texas",3/4/57,1163165,2002,0.217915,   54.40,-1.32,(-2.37%),Texas,Tex.,TX,101
Memphis,Tennessee,FDX,FedEx Corporation,Industrials,Air Freight & Logistics,"Memphis, Tennessee",12/31/80,1048911,1971,0.212068,   294.00,-11.64,(-3.81%),Tennessee,Tenn.,TN,102
Chicago,Illinois,CME,CME Group Inc.,Financials,Financial Exchanges & Data,"Chicago, Illinois",8/11/06,1156375,1848,0.210773,   215.00,2.91,-1.37%,Illinois,Ill.,IL,103
Norfolk,Virginia,NSC,Norfolk Southern Corp.,Industrials,Railroads,"Norfolk, Virginia",3/4/57,702165,1881,0.206409,   281.70,-4.96,(-1.73%),Virginia,Va.,VA,104
Detroit,Michigan,GM,General Motors,Consumer Discretionary,Automobile Manufacturers,"Detroit, Michigan",6/6/13,1467858,1908,0.205281,   53.50,-2.23,(-4.00%),Michigan,Mich.,MI,105
Tysons Corner,Virginia,COF,Capital One Financial,Financials,Consumer Finance,"Tysons Corner, Virginia",7/1/98,927628,1994,0.20396,   149.61,-5.15,(-3.33%),Virginia,Va.,VA,106
Santa Monica,California,ATVI,Activision Blizzard,Communication Services,Interactive Home Entertainment,"Santa Monica, California",8/31/15,718877,2008,0.203704,   91.84,-3.5,(-3.67%),California,Calif.,CA,107
Franklin Lakes,New Jersey,BDX,Becton Dickinson,Health Care,Health Care Equipment,"Franklin Lakes, New Jersey",9/30/72,10795,1897,0.202229,   241.64,0.44,-0.18%,New Jersey,N.J.,NJ,108
New York,New York,CL,Colgate-Palmolive,Consumer Staples,Household Products,"New York, New York",3/4/57,21665,1806,0.199568,   81.80,-0.64,(-0.78%),New York,N.Y.,NY,109
Atlanta,Georgia,SO,Southern Company,Utilities,Electric Utilities,"Atlanta, Georgia",3/4/57,92122,1945,0.19772,   64.60,-1.2,(-1.82%),Georgia,Ga.,GA,110
New York,New York,MMC,Marsh & McLennan,Financials,Insurance Brokers,"New York, New York",8/31/87,62709,1905,0.197605,   132.20,-2.57,(-1.91%),New York,N.Y.,NY,111
Cleveland,Ohio,SHW,Sherwin-Williams,Materials,Specialty Chemicals,"Cleveland, Ohio",6/30/64,89800,1866,0.19703,   277.94,-7.9,(-2.76%),Ohio,Ohio,OH,112
Brookfield,Wisconsin,FISV,Fiserv Inc,Information Technology,Data Processing & Outsourced Services,"Brookfield, Wisconsin",4/2/01,798354,1984,0.195117,   113.08,-1.75,(-1.52%),Wisconsin,Wis.,WI,113
Glenview,Illinois,ITW,Illinois Tool Works,Industrials,Industrial Machinery,"Glenview, Illinois",2/28/86,49826,1912,0.194407,   231.79,-4.58,(-1.94%),Illinois,Ill.,IL,114
New York,New York,EL,Estée Lauder Companies,Consumer Staples,Personal Products,"New York, New York",1/5/06,1001250,1946,0.191911,   289.90,-4.91,(-1.67%),New York,N.Y.,NY,115
Allentown,Pennsylvania,APD,Air Products & Chemicals,Materials,Industrial Gases,"Allentown, Pennsylvania",4/30/85,2969,1940,0.183288,   293.16,-7.58,(-2.52%),Pennsylvania,Pa.,PA,116
Redwood City,California,EQIX,Equinix,Real Estate,Specialized REITs,"Redwood City, California",3/20/15,1101239,1998,0.181437,   705.36,-12.68,(-1.77%),California,Calif.,CA,117
Atlanta,Georgia,ICE,Intercontinental Exchange,Financials,Financial Exchanges & Data,"Atlanta, Georgia",9/26/07,1571949,2000,0.181151,   112.23,-0.84,(-0.74%),Georgia,Ga.,GA,118
Richmond,Virginia,D,Dominion Energy,Utilities,Electric Utilities,"Richmond, Virginia",,715957,1983,0.180654,   76.97,-1.66,(-2.11%),Virginia,Va.,VA,119
Phoenix,Arizona,FCX,Freeport-McMoRan Inc.,Materials,Copper,"Phoenix, Arizona",,831259,1912,0.175912,   41.43,-3.37,(-7.52%),Arizona,Ariz.,AZ,120
Mayfield Village,Ohio,PGR,Progressive Corp.,Financials,Property & Casualty Insurance,"Mayfield Village, Ohio",8/4/97,80661,1937,0.174788,   104.76,-0.32,(-0.30%),Ohio,Ohio,OH,121
Marlborough,Massachusetts,BSX,Boston Scientific,Health Care,Health Care Equipment,"Marlborough, Massachusetts[4]",2/24/95,885725,1979,0.172967,   41.35,-1.18,(-2.77%),Massachusetts,Mass.,MA,122
San Rafael,California,ADSK,Autodesk Inc.,Information Technology,Application Software,"San Rafael, California",12/1/89,769397,1982,0.171289,   269.00,-8.42,(-3.04%),California,Calif.,CA,123
Louisville,Kentucky,HUM,Humana Inc.,Health Care,Managed Health Care,"Louisville, Kentucky",,49071,1961,0.170906,   453.75,-2.01,(-0.44%),Kentucky,Ky.,KY,124
West Falls Church,Virginia,NOC,Northrop Grumman,Industrials,Aerospace & Defense,"West Falls Church, Virginia",6/30/85,1133421,1930,0.163553,   363.15,-5.15,(-1.40%),Virginia,Va.,VA,125
Atlanta,Georgia,GPN,Global Payments Inc.,Information Technology,Data Processing & Outsourced Services,"Atlanta, Georgia",4/25/16,1123360,2000,0.162729,   194.93,-0.13,(-0.07%),Georgia,Ga.,GA,126
Ferguson,Missouri,EMR,Emerson Electric Company,Industrials,Electrical Components & Equipment,"Ferguson, Missouri",3/31/65,32604,1890,0.161504,   93.40,-1.86,(-1.95%),Missouri,Mo.,MO,127
Irvine,California,EW,Edwards Lifesciences,Health Care,Health Care Equipment,"Irvine, California",4/1/11,1099800,1958,0.159322,   87.94,-1.57,(-1.75%),California,Calif.,CA,128
Nashville,Tennessee,HCA,HCA Healthcare,Health Care,Health Care Facilities,"Nashville, Tennessee",1/27/15,860730,1968,0.158516,   204.12,-2.64,(-1.28%),Tennessee,Tenn.,TN,129
St. Paul,Minnesota,ECL,Ecolab Inc.,Materials,Specialty Chemicals,"St. Paul, Minnesota",1/31/89,31462,1923,0.157875,   217.44,-7.86,(-3.49%),Minnesota,Minn.,MN,130
Houston,Texas,WM,Waste Management Inc.,Industrials,Environmental & Facilities Services,"Houston, Texas",,823768,1968,0.157388,   136.94,-4.26,(-3.02%),Texas,Tex.,TX,131
Norwood,Massachusetts,ADI,"Analog Devices, Inc.",Information Technology,Semiconductors,"Norwood, Massachusetts",10/12/99,6281,1965,0.156975,   145.99,-4.85,(-3.22%),Massachusetts,Mass.,MA,132
San Diego,California,ILMN,Illumina Inc,Health Care,Life Sciences Tools & Services,"San Diego, California",11/19/15,1110803,1998,0.156648,   372.80,-8.71,(-2.28%),California,Calif.,CA,133
Cambridge,Massachusetts,VRTX,Vertex Pharmaceuticals Inc,Health Care,Biotechnology,"Cambridge, Massachusetts",9/23/13,875320,1989,0.156183,   210.32,-2.68,(-1.26%),Massachusetts,Mass.,MA,134
Denver,Colorado,NEM,Newmont Corporation,Materials,Gold,"Denver, Colorado",6/30/69,1164727,1921,0.154369,   67.83,-0.95,(-1.38%),Colorado,Colo.,CO,135
New York,New York,MCO,Moody's Corp,Financials,Financial Exchanges & Data,"New York, New York",,1059556,1909,0.151496,   319.73,-9.02,(-2.74%),New York,N.Y.,NY,136
Goodlettsville,Tennessee,DG,Dollar General,Consumer Discretionary,General Merchandise Stores,"Goodlettsville, Tennessee",12/3/12,29534,1939,0.151317,   205.80,-8.1,(-3.79%),Tennessee,Tenn.,TN,137
Tarrytown,New York,REGN,Regeneron Pharmaceuticals,Health Care,Biotechnology,"Tarrytown, New York",5/1/13,872589,1988,0.14925,   507.29,6.1,-1.22%,New York,N.Y.,NY,138
Midland,Michigan,DOW,Dow Inc.,Materials,Commodity Chemicals,"Midland, Michigan",4/1/19,1751788,2019,0.144505,   67.19,-1.38,(-2.01%),Michigan,Mich.,MI,139
New York,New York,MET,MetLife Inc.,Financials,Life & Health Insurance,"New York, New York",,1099219,1868,0.141009,   63.03,-1.7,(-2.63%),New York,N.Y.,NY,140
Houston,Texas,EOG,EOG Resources,Energy,Oil & Gas Exploration & Production,"Houston, Texas",11/2/00,821189,1999,0.13924,   81.36,-0.78,(-0.95%),Texas,Tex.,TX,141
Sarasota,Florida,ROP,Roper Technologies,Industrials,Industrial Conglomerates,"Sarasota, Florida",12/23/09,882835,1981,0.131614,   429.38,-11.02,(-2.50%),Florida,Fla.,FL,142
Dublin,California,ROST,Ross Stores,Consumer Discretionary,Apparel Retail,"Dublin, California",12/21/09,745732,1982,0.13157,   124.09,-5.03,(-3.90%),California,Calif.,CA,143
Irving,Texas,KMB,Kimberly-Clark,Consumer Staples,Household Products,"Irving, Texas",3/4/57,55785,1872,0.130584,   132.53,-1.68,(-1.25%),Texas,Tex.,TX,144
Milpitas,California,KLAC,KLA Corporation,Information Technology,Semiconductor Equipment,"Milpitas, California",,319201,1975,0.130397,   286.68,-13.6,(-4.53%),California,Calif.,CA,145
Dearborn,Michigan,F,Ford Motor Company,Consumer Discretionary,Automobile Manufacturers,"Dearborn, Michigan",3/4/57,37996,1903,0.129137,   11.22,-0.36,(-3.11%),Michigan,Mich.,MI,146
Falls Church,Virginia,GD,General Dynamics,Industrials,Aerospace & Defense,"Falls Church, Virginia",3/4/57,40533,1899,0.127335,   181.26,-10.28,(-5.37%),Virginia,Va.,VA,147
New York,New York,AIG,American International Group,Financials,Property & Casualty Insurance,"New York, New York",3/31/80,5272,1919,0.126708,   50.08,-0.3,(-0.60%),New York,N.Y.,NY,148
Westbrook,Maine,IDXX,Idexx Laboratories,Health Care,Health Care Equipment,"Westbrook, Maine",1/5/17,874716,1983,0.126624,   512.03,-16.16,(-3.06%),Maine,Maine,ME,149
Melbourne,Florida,LHX,L3Harris Technologies,Industrials,Aerospace & Defense,"Melbourne, Florida",9/22/08,202058,1895,0.125895,   211.00,-2.33,(-1.09%),Florida,Fla.,FL,150
Durham,North Carolina,IQV,IQVIA Holdings Inc.,Health Care,Life Sciences Tools & Services,"Durham, North Carolina",8/29/17,1478242,1982,0.124962,   228.00,-4.07,(-1.75%),North Carolina,N.C.,NC,151
Palo Alto,California,HPQ,HP Inc.,Information Technology,"Technology Hardware, Storage & Peripherals","Palo Alto, California",12/31/74,47217,1939,0.124596,   32.08,-1.51,(-4.50%),California,Calif.,CA,152
Wilmington,Delaware,DD,DuPont de Nemours Inc,Materials,Specialty Chemicals,"Wilmington, Delaware",4/2/19,1666700,2017,0.124098,   80.20,-2.63,(-3.18%),Delaware,Del.,DE,153
Houston,Texas,SYY,Sysco Corp.,Consumer Staples,Food Distributors,"Houston, Texas",12/31/86,96021,1969,0.123353,   81.72,-2.26,(-2.69%),Texas,Tex.,TX,154
Deerfield,Illinois,BAX,Baxter International Inc.,Health Care,Health Care Equipment,"Deerfield, Illinois",9/30/72,10456,1931,0.123281,   82.71,-0.87,(-1.04%),Illinois,Ill.,IL,155
Columbus,Ohio,AEP,American Electric Power,Utilities,Electric Utilities,"Columbus, Ohio",3/4/57,4904,1906,0.122706,   84.80,-1.61,(-1.86%),Ohio,Ohio,OH,156
Chicago,Illinois,EXC,Exelon Corp.,Utilities,Multi-Utilities,"Chicago, Illinois",3/4/57,1109357,2000,0.122664,   43.10,-1.34,(-3.02%),Illinois,Ill.,IL,157
Baltimore,Maryland,TROW,T. Rowe Price Group,Financials,Asset Management & Custody Banks,"Baltimore, Maryland",,1113169,1937,0.12222,   181.50,-3.27,(-1.77%),Maryland,Md.,MD,158
Pittsburgh,Pennsylvania,PPG,PPG Industries,Materials,Specialty Chemicals,"Pittsburgh, Pennsylvania",3/4/57,79879,1883,0.119866,   173.85,-5.14,(-2.87%),Pennsylvania,Pa.,PA,159
Austin,Texas,DLR,Digital Realty Trust Inc,Real Estate,Specialized REITs,"Austin, Texas",5/18/16,1297996,2004,0.119693,   145.59,-3.06,(-2.06%),Texas,Tex.,TX,160
Newark,New Jersey,PRU,Prudential Financial,Financials,Life & Health Insurance,"Newark, New Jersey",7/22/02,1137774,1875,0.119564,   103.03,-1.88,(-1.79%),New Jersey,N.J.,NJ,161
New York,New York,BK,The Bank of New York Mellon,Financials,Asset Management & Custody Banks,"New York, New York",3/31/95,1390777,1784,0.119007,   51.03,-0.55,(-1.07%),New York,N.Y.,NY,162
Glendale,California,PSA,Public Storage,Real Estate,Specialized REITs,"Glendale, California",8/19/05,1393311,1972,0.118986,   269.80,-4.52,(-1.65%),California,Calif.,CA,163
San Diego,California,SRE,Sempra Energy,Utilities,Multi-Utilities,"San Diego, California",,1032208,1998,0.118711,   135.21,-3.33,(-2.40%),California,Calif.,CA,164
Cambridge,Massachusetts,BIIB,Biogen Inc.,Health Care,Biotechnology,"Cambridge, Massachusetts",11/13/03,875045,1978,0.118487,   271.00,-7.39,(-2.65%),Massachusetts,Mass.,MA,165
Indianapolis,Indiana,SPG,Simon Property Group Inc,Real Estate,Retail REITs,"Indianapolis, Indiana",6/26/02,1063761,2003,0.117498,   116.51,-6.13,(-5.00%),Indiana,Ind.,IN,166
San Francisco,California,TWTR,"Twitter, Inc.",Communication Services,Interactive Media & Services,"San Francisco, California",6/7/18,1418091,2006,0.116696,   50.30,-2.58,(-4.88%),California,Calif.,CA,167
Cleveland,Ohio,PH,Parker-Hannifin,Industrials,Industrial Machinery,"Cleveland, Ohio",11/30/85,76334,1917,0.115226,   303.35,-9.34,(-2.99%),Ohio,Ohio,OH,168
New York,New York,TRV,The Travelers Companies,Financials,Property & Casualty Insurance,"New York, New York",8/21/02,86312,1853,0.115068,   154.06,-2.63,(-1.68%),New York,N.Y.,NY,169
Northfield Township,Illinois,ALL,Allstate Corp,Financials,Property & Casualty Insurance,"Northfield Township, Illinois",7/13/95,899051,1931,0.114948,   132.75,-1.38,(-1.03%),Illinois,Ill.,IL,170
Victor,New York,STZ,Constellation Brands,Consumer Staples,Distillers & Vintners,"Victor, New York",7/1/05,16918,1945,0.11477,   229.75,-4.29,(-1.83%),New York,N.Y.,NY,171
St. Louis,Missouri,CNC,Centene Corporation,Health Care,Managed Health Care,"St. Louis, Missouri",3/30/16,1071739,1984,0.114165,   69.64,1.58,-2.32%,Missouri,Mo.,MO,172
Redwood City,California,EA,Electronic Arts,Communication Services,Interactive Home Entertainment,"Redwood City, California",7/22/02,712515,1982,0.114161,   139.67,-1.69,(-1.20%),California,Calif.,CA,173
Santa Clara,California,A,Agilent Technologies,Health Care,Health Care Equipment,"Santa Clara, California",6/5/00,1090872,1999,0.113389,   128.10,-3.32,(-2.53%),California,Calif.,CA,174
Wallingford,Connecticut,APH,Amphenol Corp,Information Technology,Electronic Components,"Wallingford, Connecticut",9/30/08,820313,1932,0.113386,   64.00,-2.31,(-3.48%),Connecticut,Conn.,CT,175
Columbus,Indiana,CMI,Cummins Inc.,Industrials,Industrial Machinery,"Columbus, Indiana",3/31/65,26172,1919,0.113081,   251.00,-13.78,(-5.20%),Indiana,Ind.,IN,176
San Jose,California,ALGN,Align Technology,Health Care,Health Care Supplies,"San Jose, California",6/19/17,1097149,1997,0.112672,   547.31,-18.95,(-3.35%),California,Calif.,CA,177
San Jose,California,EBAY,eBay Inc.,Consumer Discretionary,Internet & Direct Marketing Retail,"San Jose, California",7/22/02,1065088,1995,0.112079,   57.72,-2.71,(-4.48%),California,Calif.,CA,178
Deerfield,Illinois,WBA,Walgreens Boots Alliance,Consumer Staples,Drug Retail,"Deerfield, Illinois",12/31/79,1618921,2014,0.111533,   52.75,-1.49,(-2.75%),Illinois,Ill.,IL,179
Springfield,Missouri,ORLY,O'Reilly Automotive,Consumer Discretionary,Specialty Stores,"Springfield, Missouri",3/27/09,898173,1957,0.111425,   550.98,-8.85,(-1.58%),Missouri,Mo.,MO,180
New York,New York,MSCI,MSCI Inc,Financials,Financial Exchanges & Data,"New York, New York",4/4/18,1408198,1969,0.111138,   458.00,-14.67,(-3.10%),New York,N.Y.,NY,181
Teaneck,New Jersey,CTSH,Cognizant Technology Solutions,Information Technology,IT Consulting & Other Services,"Teaneck, New Jersey",11/17/06,1058290,1994,0.110821,   70.50,-2.14,(-2.95%),New Jersey,N.J.,NJ,182
Newport Beach,California,CMG,Chipotle Mexican Grill,Consumer Discretionary,Restaurants,"Newport Beach, California",4/28/11,1058090,1993,0.110502,"   1,332.92",-60.33,(-4.33%),California,Calif.,CA,183
Golden Valley,Minnesota,GIS,General Mills,Consumer Staples,Packaged Foods & Meats,"Golden Valley, Minnesota",3/31/69,40704,1856,0.110137,   62.96,-0.15,(-0.24%),Minnesota,Minn.,MN,184
Findlay,Ohio,MPC,Marathon Petroleum,Energy,Oil & Gas Refining & Marketing,"Findlay, Ohio",7/1/11,1510295,1887,0.109923,   58.80,0.16,-0.27%,Ohio,Ohio,OH,185
Chandler,Arizona,MCHP,Microchip Technology,Information Technology,Semiconductors,"Chandler, Arizona",9/7/07,827054,1989,0.108892,   138.10,-7.41,(-5.09%),Arizona,Ariz.,AZ,186
Minneapolis,Minnesota,XEL,Xcel Energy Inc,Utilities,Multi-Utilities,"Minneapolis, Minnesota",3/4/57,72903,1909,0.108333,   70.17,-0.86,(-1.21%),Minnesota,Minn.,MN,187
Boston,Massachusetts,ALXN,Alexion Pharmaceuticals,Health Care,Pharmaceuticals,"Boston, Massachusetts",5/25/12,899866,1992,0.106579,   172.27,0.86,-0.50%,Massachusetts,Mass.,MA,188
Chicago,Illinois,ADM,Archer-Daniels-Midland Co,Consumer Staples,Agricultural Products,"Chicago, Illinois",7/29/81,7084,1902,0.106576,   65.21,-1.68,(-2.51%),Illinois,Ill.,IL,189
Bethesda,Maryland,MAR,Marriott International,Consumer Discretionary,"Hotels, Resorts & Cruise Lines","Bethesda, Maryland",,1048286,1927,0.105598,   135.94,-5.77,(-4.07%),Maryland,Md.,MD,190
Houston,Texas,PSX,Phillips 66,Energy,Oil & Gas Refining & Marketing,"Houston, Texas",5/1/12,1534701,1917,0.105502,   82.75,-0.88,(-1.05%),Texas,Tex.,TX,191
Palm Beach Gardens,Florida,CARR,Carrier Global,Industrials,Building Products,"Palm Beach Gardens, Florida",4/3/20,1783180,1915,0.104713,   42.43,-2.07,(-4.65%),Florida,Fla.,FL,192
Louisville,Kentucky,YUM,Yum! Brands Inc,Consumer Discretionary,Restaurants,"Louisville, Kentucky",10/6/97,1041061,1997,0.103239,   117.15,-2,(-1.68%),Kentucky,Ky.,KY,193
Riverwoods,Illinois,DFS,Discover Financial Services,Financials,Consumer Finance,"Riverwoods, Illinois",7/2/07,1393612,1985,0.10277,   112.33,-2.06,(-1.80%),Illinois,Ill.,IL,194
Dallas,Texas,LUV,Southwest Airlines,Industrials,Airlines,"Dallas, Texas",7/1/94,92380,1967,0.102266,   57.80,-1.98,(-3.31%),Texas,Tex.,TX,195
Columbus,Georgia,AFL,Aflac,Financials,Life & Health Insurance,"Columbus, Georgia",5/28/99,4977,1955,0.102159,   53.61,-1.61,(-2.92%),Georgia,Ga.,GA,196
Warsaw,Indiana,ZBH,Zimmer Biomet,Health Care,Health Care Equipment,"Warsaw, Indiana",8/7/01,1136869,1927,0.100858,   163.77,-3.78,(-2.26%),Indiana,Ind.,IN,197
Houston,Texas,KMI,Kinder Morgan,Energy,Oil & Gas Storage & Transportation,"Houston, Texas",5/25/12,1506307,1997,0.100267,   17.78,-0.19,(-1.06%),Texas,Tex.,TX,198
New Britain,Connecticut,SWK,Stanley Black & Decker,Industrials,Industrial Machinery,"New Britain, Connecticut",9/30/82,93556,1843,0.100186,   209.74,-7.95,(-3.65%),Connecticut,Conn.,CT,199
New York,New York,IFF,International Flavors & Fragrances,Materials,Specialty Chemicals,"New York, New York",3/31/76,51253,1889,0.100165,   135.00,-3.68,(-2.65%),New York,N.Y.,NY,200
Mountain View,California,SNPS,Synopsys Inc.,Information Technology,Application Software,"Mountain View, California",3/16/17,883241,1986,0.09993,   228.73,-6.09,(-2.59%),California,Calif.,CA,201
Wilmington,Delaware,CTVA,Corteva,Materials,Fertilizers & Agricultural Chemicals,"Wilmington, Delaware",6/3/19,1755672,2019,0.098668,   45.00,-2.09,(-4.44%),Delaware,Del.,DE,202
Corning,New York,GLW,Corning Inc.,Information Technology,Electronic Components,"Corning, New York",,24741,1851,0.09807,   42.50,-2.64,(-5.85%),New York,N.Y.,NY,203
San Jose,California,CDNS,Cadence Design Systems,Information Technology,Application Software,"San Jose, California",9/18/17,813672,1988,0.09773,   121.89,-3.94,(-3.13%),California,Calif.,CA,204
Arlington,Texas,DHI,D. R. Horton,Consumer Discretionary,Homebuilding,"Arlington, Texas",6/22/05,882184,1978,0.097558,   92.35,-7.25,(-7.28%),Texas,Tex.,TX,205
Irving,Texas,PXD,Pioneer Natural Resources,Energy,Oil & Gas Exploration & Production,"Irving, Texas",9/24/08,1038357,1997,0.09623,   155.01,-2.69,(-1.71%),Texas,Tex.,TX,206
Chicago,Illinois,MSI,Motorola Solutions Inc.,Information Technology,Communications Equipment,"Chicago, Illinois",,68505,1928,0.095591,   194.34,-7.37,(-3.65%),Illinois,Ill.,IL,207
Corona,California,MNST,Monster Beverage,Consumer Staples,Soft Drinks,"Corona, California",6/28/12,865752,1935,0.095565,   89.79,-1.75,(-1.91%),California,Calif.,CA,208
Tysons Corner,Virginia,HLT,Hilton Worldwide Holdings Inc,Consumer Discretionary,"Hotels, Resorts & Cruise Lines","Tysons Corner, Virginia",6/19/17,1585689,1919,0.095246,   118.00,-3.83,(-3.14%),Virginia,Va.,VA,209
Memphis,Tennessee,AZO,AutoZone Inc,Consumer Discretionary,Specialty Stores,"Memphis, Tennessee",1/2/97,866787,1979,0.095115,"   1,495.88",0.75,-0.05%,Tennessee,Tenn.,TN,210
Bellevue,Washington,PCAR,Paccar,Industrials,Construction Machinery & Heavy Trucks,"Bellevue, Washington",12/31/80,75362,1905,0.093724,   91.00,-3.76,(-3.97%),Washington,Wash.,WA,211
San Francisco,California,FRC,First Republic Bank,Financials,Regional Banks,"San Francisco, California",1/2/19,1132979,1985,0.093161,   183.03,-3.29,(-1.77%),California,Calif.,CA,212
San Diego,California,DXCM,DexCom,Health Care,Health Care Equipment,"San Diego, California",5/12/20,1093557,1999,0.093013,   334.14,-13.86,(-3.98%),California,Calif.,CA,213
Cleveland,Ohio,TDG,TransDigm Group,Industrials,Aerospace & Defense,"Cleveland, Ohio",6/3/16,1260221,1993,0.092804,   576.88,-23.18,(-3.86%),Ohio,Ohio,OH,214
San Antonio,Texas,VLO,Valero Energy,Energy,Oil & Gas Refining & Marketing,"San Antonio, Texas",,1035002,1980,0.091821,   79.97,2.28,-2.93%,Texas,Tex.,TX,215
Penfield,New York,PAYX,Paychex Inc.,Information Technology,Data Processing & Outsourced Services,"Penfield, New York",,723531,1971,0.090974,   96.00,-3.03,(-3.06%),New York,N.Y.,NY,216
Irving,Texas,MCK,McKesson Corp.,Health Care,Health Care Distributors,"Irving, Texas",,927653,1833,0.090698,   197.10,-0.84,(-0.42%),Texas,Tex.,TX,217
Newark,New Jersey,PEG,Public Service Enterprise Group (PSEG),Utilities,Electric Utilities,"Newark, New Jersey",3/4/57,788784,1903,0.090198,   60.70,-1.55,(-2.49%),New Jersey,N.J.,NJ,218
Boca Raton,Florida,SBAC,SBA Communications,Real Estate,Specialized REITs,"Boca Raton, Florida",9/1/17,1034054,1989,0.090097,   284.25,-7.2,(-2.47%),Florida,Fla.,FL,219
Farmington,Connecticut,OTIS,Otis Worldwide,Industrials,Industrial Machinery,"Farmington, Connecticut",4/3/20,1781335,1853,0.090018,   75.54,-2.08,(-2.68%),Connecticut,Conn.,CT,220
Mason,Ohio,CTAS,Cintas Corporation,Industrials,Diversified Support Services,"Mason, Ohio",3/1/01,723254,1929,0.089813,   343.76,-10.92,(-3.08%),Ohio,Ohio,OH,221
Berwyn,Pennsylvania,AME,Ametek,Industrials,Electrical Components & Equipment,"Berwyn, Pennsylvania",9/23/13,1037868,1930,0.0892,   130.84,-5.3,(-3.89%),Pennsylvania,Pa.,PA,222
Milwaukee,Wisconsin,ROK,Rockwell Automation Inc.,Industrials,Electrical Components & Equipment,"Milwaukee, Wisconsin",,1024478,1903,0.088761,   260.01,-8.3,(-3.09%),Wisconsin,Wis.,WI,223
Milwaukee,Wisconsin,WEC,WEC Energy Group,Utilities,Electric Utilities,"Milwaukee, Wisconsin",10/31/08,783325,1896,0.088359,   95.02,-1.42,(-1.47%),Wisconsin,Wis.,WI,224
Toledo,Ohio,WELL,Welltower Inc.,Real Estate,Health Care REITs,"Toledo, Ohio",1/30/09,766704,1970,0.087529,   70.76,-2.33,(-3.19%),Ohio,Ohio,OH,225
Tulsa,Oklahoma,WMB,Williams Companies,Energy,Oil & Gas Storage & Transportation,"Tulsa, Oklahoma",3/31/75,107263,1908,0.087482,   25.02,-0.63,(-2.46%),Oklahoma,Okla.,OK,226
Boston,Massachusetts,STT,State Street Corp.,Financials,Asset Management & Custody Banks,"Boston, Massachusetts",,93751,1792,0.087193,   84.60,-1.5,(-1.74%),Massachusetts,Mass.,MA,227
Winona,Minnesota,FAST,Fastenal Co,Industrials,Building Products,"Winona, Minnesota",9/15/08,815556,1967,0.087118,   51.62,-1.27,(-2.40%),Minnesota,Minn.,MN,228
Minneapolis,Minnesota,AMP,Ameriprise Financial,Financials,Asset Management & Custody Banks,"Minneapolis, Minnesota",10/3/05,820027,1894,0.087019,   250.84,-7.31,(-2.83%),Minnesota,Minn.,MN,229
Federal Way,Washington,WY,Weyerhaeuser,Real Estate,Specialized REITs,"Federal Way, Washington",,106535,1900,0.086076,   37.60,-2.04,(-5.15%),Washington,Wash.,WA,230
Charlotte,North Carolina,NUE,Nucor Corp.,Materials,Steel,"Charlotte, North Carolina",4/30/85,73309,1940,0.085191,   93.40,-8.58,(-8.41%),North Carolina,N.C.,NC,231
Cincinnati,Ohio,FITB,Fifth Third Bancorp,Financials,Regional Banks,"Cincinnati, Ohio",,35527,1858,0.084763,   40.63,-1,(-2.40%),Ohio,Ohio,OH,232
Santa Clara,California,SIVB,SVB Financial,Financials,Regional Banks,"Santa Clara, California",3/19/18,719739,1983,0.084455,   547.50,-36.4,(-6.23%),California,Calif.,CA,233
Miami,Florida,LEN,Lennar Corp.,Consumer Discretionary,Homebuilding,"Miami, Florida",10/4/05,920760,1954,0.083631,   96.80,-6.65,(-6.43%),Florida,Fla.,FL,234
Cincinnati,Ohio,KR,Kroger Co.,Consumer Staples,Food Retail,"Cincinnati, Ohio",3/4/57,56873,1883,0.083492,   36.50,-1.92,(-5.00%),Ohio,Ohio,OH,235
Broomfield,Colorado,BLL,Ball Corp,Materials,Metal & Glass Containers,"Broomfield, Colorado",10/31/84,9389,1880,0.083167,   87.83,-2.77,(-3.06%),Colorado,Colo.,CO,236
San Jose,California,XLNX,Xilinx,Information Technology,Semiconductors,"San Jose, California",11/8/99,743988,1984,0.082945,   116.47,-4.76,(-3.93%),California,Calif.,CA,237
Hartford,Connecticut,ES,Eversource Energy,Utilities,Multi-Utilities,"Hartford, Connecticut",,72741,1966,0.082713,   82.68,-1.34,(-1.59%),Connecticut,Conn.,CT,238
Jersey City,New Jersey,VRSK,Verisk Analytics,Industrials,Research & Consulting Services,"Jersey City, New Jersey",10/8/15,1442145,1971,0.082493,   172.00,-3.08,(-1.76%),New Jersey,N.J.,NJ,239
Rolling Meadows,Illinois,AJG,Arthur J. Gallagher & Co.,Financials,Insurance Brokers,"Rolling Meadows, Illinois",5/31/16,354190,1927,0.082349,   141.12,-7.34,(-4.94%),Illinois,Ill.,IL,240
Columbus,Ohio,MTD,Mettler Toledo,Health Care,Life Sciences Tools & Services,"Columbus, Ohio",9/6/16,1037646,1945,0.08222,"   1,241.45",1.51,-0.12%,Ohio,Ohio,OH,241
Atlanta,Georgia,EFX,Equifax Inc.,Industrials,Research & Consulting Services,"Atlanta, Georgia",6/19/97,33185,1899,0.08221,   233.22,-5.38,(-2.25%),Georgia,Ga.,GA,242
Dallas,Texas,CBRE,CBRE Group,Real Estate,Real Estate Services,"Dallas, Texas",11/10/06,1138118,1906,0.082008,   84.38,-1.35,(-1.57%),Texas,Tex.,TX,243
Atlanta,Georgia,DAL,Delta Air Lines Inc.,Industrials,Airlines,"Atlanta, Georgia",9/11/13,27904,1929,0.081814,   42.48,-2.04,(-4.58%),Georgia,Ga.,GA,244
Richfield,Minnesota,BBY,Best Buy Co. Inc.,Consumer Discretionary,Computer & Electronics Retail,"Richfield, Minnesota",6/29/99,764478,1966,0.08181,   115.60,-6.07,(-4.99%),Minnesota,Minn.,MN,245
Camden,New Jersey,AWK,American Water Works,Utilities,Water Utilities,"Camden, New Jersey",3/4/16,1410636,1886,0.079877,   148.50,-5.2,(-3.38%),New Jersey,N.J.,NJ,246
Chicago,Illinois,KHC,Kraft Heinz Co,Consumer Staples,Packaged Foods & Meats,"Chicago, Illinois; Pittsburgh, Pennsylvania",7/6/15,1637459,1869,0.079802,   42.67,-0.59,(-1.35%),Illinois,Ill.,IL,247
San Diego,California,RMD,ResMed,Health Care,Health Care Equipment,"San Diego, California",7/26/17,943819,1989,0.079324,   192.65,-2.1,(-1.08%),California,Calif.,CA,248
Kansas City,Missouri,KSU,Kansas City Southern,Industrials,Railroads,"Kansas City, Missouri",5/24/13,54480,1887,0.078915,   305.81,-2.36,(-0.77%),Missouri,Mo.,MO,249
Canonsburg,Pennsylvania,ANSS,"ANSYS, Inc.",Information Technology,Application Software,"Canonsburg, Pennsylvania",6/19/17,1013462,1969,0.078833,   320.00,-0.87,(-0.27%),Pennsylvania,Pa.,PA,250
Detroit,Michigan,DTE,DTE Energy Co.,Utilities,Multi-Utilities,"Detroit, Michigan",3/4/57,936340,1995,0.078826,   138.60,-3.63,(-2.55%),Michigan,Mich.,MI,251
Denver,Colorado,VFC,VF Corporation,Consumer Discretionary,"Apparel, Accessories & Luxury Goods","Denver, Colorado",6/30/79,103379,1899,0.078785,   83.64,-1.66,(-1.95%),Colorado,Colo.,CO,252
Sunnyvale,California,FTNT,Fortinet,Information Technology,Systems Software,"Sunnyvale, California",10/11/18,1262039,2000,0.078068,   197.00,-9.51,(-4.61%),California,Calif.,CA,253
Arlington,Virginia,AVB,AvalonBay Communities,Real Estate,Residential REITs,"Arlington, Virginia[3]",1/10/07,915912,1978,0.077564,   192.84,-3.34,(-1.70%),Virginia,Va.,VA,254
Woburn,Massachusetts,SWKS,Skyworks Solutions,Information Technology,Semiconductors,"Woburn, Massachusetts",3/12/15,4127,2002,0.077223,   159.87,-7.02,(-4.21%),Massachusetts,Mass.,MA,255
New York,New York,ED,Consolidated Edison,Utilities,Electric Utilities,"New York, New York",,1047862,1823,0.077162,   77.90,-1.44,(-1.81%),New York,N.Y.,NY,256
Chesapeake,Virginia,DLTR,Dollar Tree,Consumer Discretionary,General Merchandise Stores,"Chesapeake, Virginia",12/19/11,935703,1986,0.077015,   109.01,-3.8,(-3.37%),Virginia,Va.,VA,257
Burlington,North Carolina,LH,Laboratory Corp. of America Holding,Health Care,Health Care Services,"Burlington, North Carolina",11/1/04,920148,1978,0.076311,   271.91,-4.19,(-1.52%),North Carolina,N.C.,NC,258
Santa Rosa,California,KEYS,Keysight Technologies,Information Technology,Electronic Equipment & Instruments,"Santa Rosa, California",11/6/18,1601046,2014,0.073453,   135.42,-3.51,(-2.53%),California,Calif.,CA,259
Thomasville,North Carolina,ODFL,Old Dominion Freight Line,Industrials,Trucking,"Thomasville, North Carolina",12/9/19,878927,1934,0.07309,   254.05,-10.09,(-3.82%),North Carolina,N.C.,NC,260
Lincolnshire,Illinois,ZBRA,Zebra Technologies,Information Technology,Electronic Equipment & Instruments,"Lincolnshire, Illinois",12/23/19,877212,1969,0.073018,   463.51,-22.16,(-4.56%),Illinois,Ill.,IL,261
Dallas,Texas,CPRT,Copart Inc,Industrials,Diversified Support Services,"Dallas, Texas",7/2/18,900075,1982,0.072245,   119.33,-1.71,(-1.41%),Texas,Tex.,TX,262
Chicago,Illinois,EQR,Equity Residential,Real Estate,Residential REITs,"Chicago, Illinois",12/3/01,906107,1969,0.072178,   71.98,-2.21,(-2.98%),Illinois,Ill.,IL,263
Birmingham,Alabama,VMC,Vulcan Materials,Materials,Construction Materials,"Birmingham, Alabama",6/30/99,1396009,1909,0.071352,   189.95,-1.49,(-0.78%),Alabama,Ala.,AL,264
San Diego,California,O,Realty Income Corporation,Real Estate,Retail REITs,"San Diego, California",4/7/15,726728,1969,0.071169,   64.40,-1.79,(-2.70%),California,Calif.,CA,265
Stamford,Connecticut,URI,"United Rentals, Inc.",Industrials,Trading Companies & Distributors,"Stamford, Connecticut",9/20/14,1067701,1997,0.070928,   344.99,4.66,-1.37%,Connecticut,Conn.,CT,266
Chicago,Illinois,NTRS,Northern Trust Corp.,Financials,Asset Management & Custody Banks,"Chicago, Illinois",,73124,1889,0.070652,   116.35,-2.05,(-1.73%),Illinois,Ill.,IL,267
Stamford,Connecticut,SYF,Synchrony Financial,Financials,Consumer Finance,"Stamford, Connecticut",11/18/15,1601712,2003,0.070535,   43.60,-1.61,(-3.56%),Connecticut,Conn.,CT,268
Hershey,Pennsylvania,HSY,The Hershey Company,Consumer Staples,Packaged Foods & Meats,"Hershey, Pennsylvania",3/4/57,47111,1894,0.070433,   166.00,-2.92,(-1.73%),Pennsylvania,Pa.,PA,269
San Jose,California,MXIM,Maxim Integrated Products,Information Technology,Semiconductors,"San Jose, California",12/3/18,743316,1983,0.070083,   89.93,-3.02,(-3.25%),California,Calif.,CA,270
Exton,Pennsylvania,WST,West Pharmaceutical Services,Health Care,Health Care Supplies,"Exton, Pennsylvania",5/22/20,105770,1923,0.069794,   324.80,-10.42,(-3.11%),Pennsylvania,Pa.,PA,271
Memphis,Tennessee,IP,International Paper,Materials,Paper Packaging,"Memphis, Tennessee",3/4/57,51434,1898,0.068866,   60.94,-1.74,(-2.78%),Tennessee,Tenn.,TN,272
Everett,Washington,FTV,Fortive Corp,Industrials,Industrial Machinery,"Everett, Washington",7/1/16,1659166,2016,0.068339,   68.38,-1.77,(-2.52%),Washington,Wash.,WA,273
Lincolnshire,Illinois,CDW,CDW,Information Technology,Technology Distributors,"Lincolnshire, Illinois",9/23/19,1402057,1984,0.068204,   163.67,-3.97,(-2.37%),Illinois,Ill.,IL,274
Tulsa,Oklahoma,OKE,Oneok,Energy,Oil & Gas Storage & Transportation,"Tulsa, Oklahoma",3/15/10,1039684,1906,0.06776,   52.05,-1.22,(-2.29%),Oklahoma,Okla.,OK,275
North Kansas City,Missouri,CERN,Cerner,Health Care,Health Care Technology,"North Kansas City, Missouri",4/30/10,804753,1979,0.066858,   76.32,-0.37,(-0.48%),Missouri,Mo.,MO,276
Seattle,Washington,EXPE,Expedia Group,Consumer Discretionary,Internet & Direct Marketing Retail,"Seattle, Washington",10/2/07,1324424,1996,0.066817,   160.11,-12.29,(-7.13%),Washington,Wash.,WA,277
Oakland,California,CLX,The Clorox Company,Consumer Staples,Household Products,"Oakland, California",3/31/69,21076,1913,0.066732,   181.98,-3.96,(-2.13%),California,Calif.,CA,278
Norcross,Georgia,FLT,FleetCor Technologies Inc,Information Technology,Data Processing & Outsourced Services,"Norcross, Georgia",6/20/18,1175454,2000,0.066659,   268.02,-9.89,(-3.56%),Georgia,Ga.,GA,279
Phoenix,Arizona,RSG,Republic Services Inc,Industrials,Environmental & Facilities Services,"Phoenix, Arizona",12/5/08,1060391,1981,0.066552,   107.85,-2.05,(-1.87%),Arizona,Ariz.,AZ,280
Hartford,Connecticut,HIG,Hartford Financial Svc.Gp.,Financials,Property & Casualty Insurance,"Hartford, Connecticut",3/4/57,874766,1810,0.066476,   63.72,-0.27,(-0.42%),Connecticut,Conn.,CT,281
Raleigh,North Carolina,MLM,Martin Marietta Materials,Materials,Construction Materials,"Raleigh, North Carolina",7/2/14,916076,1993,0.065986,   360.00,-17.14,(-4.54%),North Carolina,N.C.,NC,282
Springdale,Arkansas,TSN,Tyson Foods,Consumer Staples,Packaged Foods & Meats,"Springdale, Arkansas",,100493,1935,0.065554,   78.80,-0.64,(-0.81%),Arkansas,Ark.,AR,283
New York,New York,VIAC,ViacomCBS,Communication Services,Movies & Entertainment,"New York, New York",,813828,1952,0.065094,   38.72,-0.76,(-1.93%),New York,N.Y.,NY,284
Pasadena,California,ARE,Alexandria Real Estate Equities,Real Estate,Office REITs,"Pasadena, California",3/20/17,1035443,1994,0.064267,   172.50,-4.55,(-2.57%),California,Calif.,CA,285
Brentwood,Tennessee,TSCO,Tractor Supply Company,Consumer Discretionary,Specialty Stores,"Brentwood, Tennessee",1/24/14,916365,1938,0.064227,   182.00,-9.26,(-4.84%),Tennessee,Tenn.,TN,286
Allentown,Pennsylvania,PPL,PPL Corp.,Utilities,Electric Utilities,"Allentown, Pennsylvania",,922224,1920,0.063974,   28.59,-0.75,(-2.56%),Pennsylvania,Pa.,PA,287
Hunt Valley,Maryland,MKC,McCormick & Co.,Consumer Staples,Packaged Foods & Meats,"Hunt Valley, Maryland",,63754,1889,0.063705,   88.94,-0.78,(-0.87%),Maryland,Md.,MD,288
New York,New York,HES,Hess Corporation,Energy,Integrated Oil & Gas,"New York, New York",5/31/84,4447,1919,0.063657,   81.14,-0.01,(-0.01%),New York,N.Y.,NY,289
Rosemead,California,EIX,Edison Int'l,Utilities,Electric Utilities,"Rosemead, California",3/4/57,827052,1886,0.063138,   57.23,-1.4,(-2.39%),California,Calif.,CA,290
Houston,Texas,OXY,Occidental Petroleum,Energy,Oil & Gas Exploration & Production,"Houston, Texas",12/31/82,797468,1920,0.063006,   24.49,-0.04,(-0.16%),Texas,Tex.,TX,291
Cleveland,Ohio,KEY,KeyCorp,Financials,Regional Banks,"Cleveland, Ohio",3/1/94,91576,1825,0.062773,   22.17,-0.58,(-2.55%),Ohio,Ohio,OH,292
Dulles,Virginia,VRSN,Verisign Inc.,Information Technology,Internet Services & Infrastructure,"Dulles, Virginia",2/1/06,1014473,1995,0.062323,   218.75,-2.71,(-1.22%),Virginia,Va.,VA,293
Downers Grove,Illinois,DOV,Dover Corporation,Industrials,Industrial Machinery,"Downers Grove, Illinois",10/31/85,29905,1955,0.06221,   146.40,-3.79,(-2.52%),Illinois,Ill.,IL,294
Ewing,New Jersey,CHD,Church & Dwight,Consumer Staples,Household Products,"Ewing, New Jersey",12/29/15,313927,1847,0.061817,   87.00,-1.09,(-1.24%),New Jersey,N.J.,NJ,295
New Orleans,Louisiana,ETR,Entergy Corp.,Utilities,Electric Utilities,"New Orleans, Louisiana",3/4/57,65984,1913,0.06173,   104.00,-3.03,(-2.83%),Louisiana,La.,LA,296
Reno,Nevada,CZR,Caesars Entertainment,Consumer Discretionary,Casinos & Gaming,"Reno, Nevada",3/22/21,1590895,1973,0.061527,   92.61,-8.16,(-8.10%),Nevada,Nev.,NV,297
Birmingham,Alabama,RF,Regions Financial Corp.,Financials,Regional Banks,"Birmingham, Alabama",8/28/98,1281761,1971,0.061405,   21.85,-0.59,(-2.63%),Alabama,Ala.,AL,298
White Plains,New York,XYL,Xylem Inc.,Industrials,Industrial Machinery,"White Plains, New York",11/1/11,1524472,2011,0.060973,   112.98,-4.65,(-3.95%),New York,N.Y.,NY,299
St. Louis,Missouri,AEE,Ameren Corp,Utilities,Multi-Utilities,"St. Louis, Missouri",9/19/91,1002910,1902,0.060323,   82.43,-0.96,(-1.15%),Missouri,Mo.,MO,300
Houston,Texas,HPE,Hewlett Packard Enterprise,Information Technology,"Technology Hardware, Storage & Peripherals","Houston, Texas",11/2/15,1645590,2015,0.06003,   15.18,-0.99,(-6.12%),Texas,Tex.,TX,301
San Jose,California,WDC,Western Digital,Information Technology,"Technology Hardware, Storage & Peripherals","San Jose, California",7/1/09,106040,1970,0.059242,   63.66,-4.49,(-6.59%),California,Calif.,CA,302
Providence,Rhode Island,CFG,Citizens Financial Group,Financials,Regional Banks,"Providence, Rhode Island",1/29/16,759944,1828,0.059203,   48.00,-0.99,(-2.02%),Rhode Island,R.I.,RI,303
Miami,Florida,CCL,Carnival Corp.,Consumer Discretionary,"Hotels, Resorts & Cruise Lines","Miami, Florida",12/22/98,815097,1972,0.059145,   24.36,-1.52,(-5.87%),Florida,Fla.,FL,304
Buffalo,New York,MTB,M&T Bank,Financials,Regional Banks,"Buffalo, New York",2/23/04,36270,1856,0.05911,   158.12,-3.88,(-2.40%),New York,N.Y.,NY,305
Lake Forest,Illinois,GWW,Grainger (W.W.) Inc.,Industrials,Industrial Machinery,"Lake Forest, Illinois",6/30/81,277135,1927,0.058862,   454.20,-8.5,(-1.84%),Illinois,Ill.,IL,306
Brooklyn,New York,ETSY,Etsy,Consumer Discretionary,Internet & Direct Marketing Retail,"Brooklyn, New York",9/21/20,1370637,2005,0.058768,   157.11,-12.73,(-7.50%),New York,N.Y.,NY,307
Richmond,Virginia,KMX,Carmax Inc,Consumer Discretionary,Specialty Stores,"Richmond, Virginia",6/28/10,1170010,1993,0.058672,   119.43,-3.99,(-3.23%),Virginia,Va.,VA,308
Chicago,Illinois,VTR,Ventas Inc,Real Estate,Health Care REITs,"Chicago, Illinois",3/4/09,740260,1998,0.058077,   52.35,-1.26,(-2.35%),Illinois,Ill.,IL,309
Stamford,Connecticut,IT,Gartner Inc,Information Technology,IT Consulting & Other Services,"Stamford, Connecticut",4/5/17,749251,1979,0.057875,   223.01,-2.3,(-1.02%),Connecticut,Conn.,CT,310
Akron,Ohio,FE,FirstEnergy Corp,Utilities,Electric Utilities,"Akron, Ohio",,1031296,1997,0.057716,   36.55,-0.65,(-1.75%),Ohio,Ohio,OH,311
Seattle,Washington,EXPD,Expeditors,Industrials,Air Freight & Logistics,"Seattle, Washington",10/10/07,746515,1979,0.057381,   111.44,-6.23,(-5.29%),Washington,Wash.,WA,312
North Reading,Massachusetts,TER,Teradyne,Information Technology,Semiconductor Equipment,"North Reading, Massachusetts",9/21/20,97210,1960,0.057302,   113.00,-8.51,(-7.00%),Massachusetts,Mass.,MA,313
Houston,Texas,HAL,Halliburton Co.,Energy,Oil & Gas Equipment & Services,"Houston, Texas",3/4/57,45012,1919,0.057043,   22.54,-0.07,(-0.31%),Texas,Tex.,TX,314
San Ramon,California,COO,The Cooper Companies,Health Care,Health Care Supplies,"San Ramon, California",9/23/16,711404,1958,0.055737,   384.72,-3.59,(-0.92%),California,Calif.,CA,315
Milford,Massachusetts,WAT,Waters Corporation,Health Care,Health Care Distributors,"Milford, Massachusetts",,1000697,1958,0.05573,   303.64,-12.25,(-3.88%),Massachusetts,Mass.,MA,316
Sunnyvale,California,TRMB,Trimble Inc.,Information Technology,Electronic Equipment & Instruments,"Sunnyvale, California",1/21/21,864749,1978,0.05505,   72.72,-3.75,(-4.90%),California,Calif.,CA,317
New York,New York,TTWO,Take-Two Interactive,Communication Services,Interactive Home Entertainment,"New York, New York",3/19/18,946581,1993,0.054939,   164.26,-3.73,(-2.22%),New York,N.Y.,NY,318
Greensboro,North Carolina,QRVO,Qorvo,Information Technology,Semiconductors,"Greensboro, North Carolina",6/11/15,1604778,2015,0.054809,   165.01,-7,(-4.07%),North Carolina,N.C.,NC,319
Atlanta,Georgia,GPC,Genuine Parts,Consumer Discretionary,Specialty Stores,"Atlanta, Georgia",12/31/73,40987,1925,0.054442,   123.69,-7.55,(-5.75%),Georgia,Ga.,GA,320
Salt Lake City,Utah,EXR,Extra Space Storage,Real Estate,Specialized REITs,"Salt Lake City, Utah",1/19/16,1289490,1977,0.054312,   140.94,-4.16,(-2.87%),Utah,Utah,UT,321
Waukesha,Wisconsin,GNRC,Generac Holdings,Industrials,Electrical Components & Equipment,"Waukesha, Wisconsin",3/22/21,1474735,1959,0.054143,   289.19,-15.43,(-5.07%),Wisconsin,Wis.,WI,322
Lake Success,New York,BR,Broadridge Financial Solutions,Information Technology,Data Processing & Outsourced Services,"Lake Success, New York",6/18/18,1383312,1962,0.054123,   159.02,-4.77,(-2.91%),New York,N.Y.,NY,323
Irving,Texas,CE,Celanese,Materials,Specialty Chemicals,"Irving, Texas",12/24/18,1306830,1918,0.053866,   163.00,-5.2,(-3.09%),Texas,Tex.,TX,324
Wayne,Pennsylvania,TFX,Teleflex,Health Care,Health Care Equipment,"Wayne, Pennsylvania",1/18/19,96943,1943,0.053711,   389.58,-11.14,(-2.78%),Pennsylvania,Pa.,PA,325
San Mateo,California,ESS,"Essex Property Trust, Inc.",Real Estate,Residential REITs,"San Mateo, California",4/2/14,920522,1971,0.053438,   270.11,-20.42,(-7.03%),California,Calif.,CA,326
Secaucus,New Jersey,DGX,Quest Diagnostics,Health Care,Health Care Services,"Secaucus, New Jersey",12/12/02,1022079,1967,0.053287,   135.80,-2.05,(-1.49%),New Jersey,N.J.,NJ,327
New York,New York,NDAQ,"Nasdaq, Inc.",Financials,Financial Exchanges & Data,"New York, New York",10/22/08,1120193,1971,0.05322,   159.00,-0.73,(-0.46%),New York,N.Y.,NY,328
Las Vegas,Nevada,LVS,Las Vegas Sands,Consumer Discretionary,Casinos & Gaming,"Las Vegas, Nevada",10/3/19,1300514,1988,0.052962,   54.95,-1.29,(-2.29%),Nevada,Nev.,NV,329
Jackson,Michigan,CMS,CMS Energy,Utilities,Multi-Utilities,"Jackson, Michigan",5/3/99,811156,1886,0.052828,   62.46,-1.07,(-1.68%),Michigan,Mich.,MI,330
Chicago,Illinois,CAG,Conagra Brands,Consumer Staples,Packaged Foods & Meats,"Chicago, Illinois",8/31/83,23217,1919,0.052739,   37.43,-0.52,(-1.37%),Illinois,Ill.,IL,331
Milwaukee,Wisconsin,IR,Ingersoll Rand,Industrials,Industrial Machinery,"Milwaukee, Wisconsin",3/3/20,1699150,1859,0.052713,   47.13,-1.03,(-2.14%),Wisconsin,Wis.,WI,332
Charlotte,North Carolina,ALB,Albemarle Corporation,Materials,Specialty Chemicals,"Charlotte, North Carolina",7/1/16,915913,1994,0.052492,   153.50,-7,(-4.36%),North Carolina,N.C.,NC,333
Dallas,Texas,J,Jacobs Engineering Group,Industrials,Construction & Engineering,"Dallas, Texas",10/26/07,52988,1947,0.05225,   134.00,-6.14,(-4.38%),Texas,Tex.,TX,334
Glendale,California,AVY,Avery Dennison Corp,Materials,Paper Packaging,"Glendale, California",12/31/87,8818,1990,0.051914,   214.95,-3.45,(-1.58%),California,Calif.,CA,335
Miami,Florida,RCL,Royal Caribbean Group,Consumer Discretionary,"Hotels, Resorts & Cruise Lines","Miami, Florida",12/5/14,884887,1997,0.051853,   77.40,-3.88,(-4.77%),Florida,Fla.,FL,336
Orlando,Florida,DRI,Darden Restaurants,Consumer Discretionary,Restaurants,"Orlando, Florida",,940944,1938,0.051746,   130.88,-6.54,(-4.76%),Florida,Fla.,FL,337
New York,New York,OMC,Omnicom Group,Communication Services,Advertising,"New York, New York",,29989,1986,0.051456,   82.14,-1.6,(-1.91%),New York,N.Y.,NY,338
Memphis,Tennessee,MAA,Mid-America Apartments,Real Estate,Residential REITs,"Memphis, Tennessee",12/2/16,912595,1977,0.051445,   154.53,-3.16,(-2.00%),Tennessee,Tenn.,TN,339
Chesterbrook,Pennsylvania,ABC,AmerisourceBergen,Health Care,Health Care Distributors,"Chesterbrook, Pennsylvania",8/30/01,1140859,1985,0.051266,   120.09,-0.01,(-0.01%),Pennsylvania,Pa.,PA,340
Bolingbrook,Illinois,ULTA,Ulta Beauty,Consumer Discretionary,Specialty Stores,"Bolingbrook, Illinois",4/18/16,1403568,1990,0.051245,   300.00,-12.3,(-3.94%),Illinois,Ill.,IL,341
Pittsburgh,Pennsylvania,VTRS,Viatris,Health Care,Pharmaceuticals,"Pittsburgh, Pennsylvania",4/23/04,1792044,1961,0.051232,   15.53,0.39,-2.58%,Pennsylvania,Pa.,PA,342
Cambridge,Massachusetts,AKAM,Akamai Technologies,Information Technology,Internet Services & Infrastructure,"Cambridge, Massachusetts",7/12/07,1086222,1998,0.051227,   111.30,0.13,-0.12%,Massachusetts,Mass.,MA,343
Fairfield,Ohio,CINF,Cincinnati Financial,Financials,Property & Casualty Insurance,"Fairfield, Ohio",12/18/97,20286,1950,0.051064,   113.73,-4.42,(-3.74%),Ohio,Ohio,OH,344
Long Beach,California,PEAK,Healthpeak Properties,Real Estate,Health Care REITs,"Long Beach, California",3/31/08,765880,1985,0.050941,   32.11,-0.72,(-2.19%),California,Calif.,CA,345
Reston,Virginia,NVR,"NVR, Inc.",Consumer Discretionary,Homebuilding,"Reston, Virginia",9/26/19,906163,1980,0.050925,"   4,600.00",-388.03,(-7.78%),Virginia,Va.,VA,346
Houston,Texas,BKR,Baker Hughes Co,Energy,Oil & Gas Equipment & Services,"Houston, Texas",7/7/17,1701605,2017,0.050667,   23.97,-0.84,(-3.39%),Texas,Tex.,TX,347
Covington,Louisiana,POOL,Pool Corporation,Consumer Discretionary,Distributors,"Covington, Louisiana",10/7/20,945841,1993,0.050521,   419.76,-19.11,(-4.35%),Louisiana,La.,LA,348
Santa Clara,California,ANET,Arista Networks,Information Technology,Communications Equipment,"Santa Clara, California",8/28/18,1596532,2004,0.050451,   315.77,-10.97,(-3.36%),California,Calif.,CA,349
Sunnyvale,California,NTAP,NetApp,Information Technology,"Technology Hardware, Storage & Peripherals","Sunnyvale, California",6/25/99,1002047,1992,0.049538,   74.30,-2.44,(-3.18%),California,Calif.,CA,350
Somerset,New Jersey,CTLT,Catalent,Health Care,Pharmaceuticals,"Somerset, New Jersey",9/21/20,1596783,2007,0.049025,   101.48,-2.52,(-2.42%),New Jersey,N.J.,NJ,351
Battle Creek,Michigan,K,Kellogg Co.,Consumer Staples,Packaged Foods & Meats,"Battle Creek, Michigan",,55067,1906,0.048994,   66.25,-0.9,(-1.34%),Michigan,Mich.,MI,352
Livonia,Michigan,MAS,Masco Corp.,Industrials,Building Products,"Livonia, Michigan",6/30/81,62996,1929,0.048698,   62.12,-2.57,(-3.97%),Michigan,Mich.,MI,353
Indianapolis,Indiana,DRE,Duke Realty Corp,Real Estate,Industrial REITs,"Indianapolis, Indiana",7/26/17,783280,1972,0.048633,   44.47,-0.87,(-1.92%),Indiana,Ind.,IN,354
Lake Forest,Illinois,IEX,IDEX Corporation,Industrials,Industrial Machinery,"Lake Forest, Illinois",8/9/19,832101,1988,0.048573,   218.21,-6.54,(-2.91%),Illinois,Ill.,IL,355
Chicago,Illinois,UAL,United Airlines Holdings,Industrials,Airlines,"Chicago, Illinois",9/3/15,100517,1967,0.048558,   50.20,-2.5,(-4.74%),Illinois,Ill.,IL,356
Arlington,Virginia,AES,AES Corp,Utilities,Independent Power Producers & Energy Traders,"Arlington, Virginia",10/2/98,874761,1981,0.048499,   24.62,-0.72,(-2.84%),Virginia,Va.,VA,357
Dublin,Ohio,CAH,Cardinal Health Inc.,Health Care,Health Care Distributors,"Dublin, Ohio",5/27/97,721371,1971,0.048341,   55.81,-0.36,(-0.64%),Ohio,Ohio,OH,358
Kingsport,Tennessee,EMN,Eastman Chemical,Materials,Diversified Chemicals,"Kingsport, Tennessee",1/1/94,915389,1920,0.047872,   125.08,-3.32,(-2.59%),Tennessee,Tenn.,TN,359
Des Moines,Iowa,PFG,Principal Financial Group,Financials,Life & Health Insurance,"Des Moines, Iowa",7/22/02,1126328,1879,0.0478,   64.18,-0.63,(-0.97%),Iowa,Iowa,IA,360
Marlborough,Massachusetts,HOLX,Hologic,Health Care,Health Care Equipment,"Marlborough, Massachusetts",3/30/16,859737,1985,0.047321,   62.37,-2.1,(-3.26%),Massachusetts,Mass.,MA,361
Ann Arbor,Michigan,DPZ,Domino's Pizza,Consumer Discretionary,Restaurants,"Ann Arbor, Michigan",5/12/20,1286681,1960,0.047205,   425.00,2.66,-0.63%,Michigan,Mich.,MI,362
New York,New York,MKTX,MarketAxess,Financials,Financial Exchanges & Data,"New York, New York",7/1/19,1278021,2000,0.047149,   444.82,-3.22,(-0.72%),New York,N.Y.,NY,363
Atlanta,Georgia,PHM,PulteGroup,Consumer Discretionary,Homebuilding,"Atlanta, Georgia",4/30/84,822416,1956,0.046792,   55.38,-4.16,(-6.99%),Georgia,Ga.,GA,364
St. Petersburg,Florida,RJF,Raymond James Financial,Financials,Investment Banking & Brokerage,"St. Petersburg, Florida",3/20/17,720005,1962,0.046773,   129.36,-3.9,(-2.93%),Florida,Fla.,FL,365
Paradise,Nevada,MGM,MGM Resorts International,Consumer Discretionary,Casinos & Gaming,"Paradise, Nevada",7/26/17,789570,1986,0.045738,   36.80,-1.96,(-5.06%),Nevada,Nev.,NV,366
Columbus,Ohio,LB,L Brands Inc.,Consumer Discretionary,Apparel Retail,"Columbus, Ohio",9/30/83,701985,1963,0.045359,   66.46,-1.11,(-1.64%),Ohio,Ohio,OH,367
Columbus,Ohio,HBAN,Huntington Bancshares,Financials,Regional Banks,"Columbus, Ohio",,49196,1866,0.045242,   15.21,-0.45,(-2.87%),Ohio,Ohio,OH,368
Thousand Oaks,California,TDY,Teledyne Technologies,Industrials,Aerospace & Defense,"Thousand Oaks, California",6/22/20,1094285,1960,0.045117,   413.48,-10.13,(-2.39%),California,Calif.,CA,369
Plano,Texas,TYL,Tyler Technologies,Information Technology,Application Software,"Plano, Texas",6/22/20,860731,1966,0.044923,   388.18,-5.84,(-1.48%),Texas,Tex.,TX,370
Benton Harbor,Michigan,WHR,Whirlpool Corp.,Consumer Discretionary,Household Appliances,"Benton Harbor, Michigan",,106640,1911,0.044595,   241.00,-5.21,(-2.12%),Michigan,Mich.,MI,371
Atlanta,Georgia,WRK,WestRock,Materials,Paper Packaging,"Atlanta, Georgia",,1732845,2015,0.044369,   58.43,-2.29,(-3.77%),Georgia,Ga.,GA,372
Waltham,Massachusetts,PKI,PerkinElmer,Health Care,Health Care Equipment,"Waltham, Massachusetts",5/31/85,31791,1937,0.044273,   137.86,-1.58,(-1.13%),Massachusetts,Mass.,MA,373
Oklahoma City,Oklahoma,PAYC,Paycom,Information Technology,Application Software,"Oklahoma City, Oklahoma",1/28/20,1590955,1998,0.043935,   305.49,-15.8,(-4.92%),Oklahoma,Okla.,OK,374
Deerfield,Illinois,FBHS,Fortune Brands Home & Security,Industrials,Building Products,"Deerfield, Illinois",6/22/16,1519751,1969,0.043813,   103.00,-5.74,(-5.28%),Illinois,Ill.,IL,375
Providence,Rhode Island,TXT,Textron Inc.,Industrials,Aerospace & Defense,"Providence, Rhode Island",12/31/78,217346,1923,0.043579,   63.38,-3.75,(-5.59%),Rhode Island,R.I.,RI,376
Oklahoma City,Oklahoma,DVN,Devon Energy,Energy,Oil & Gas Exploration & Production,"Oklahoma City, Oklahoma",8/30/00,1090012,1971,0.043465,   25.50,-0.24,(-0.93%),Oklahoma,Okla.,OK,377
Boston,Massachusetts,BXP,Boston Properties,Real Estate,Office REITs,"Boston, Massachusetts",4/3/06,1037540,1970,0.043294,   105.20,-2.39,(-2.22%),Massachusetts,Mass.,MA,378
Philadelphia,Pennsylvania,FMC,FMC Corporation,Materials,Fertilizers & Agricultural Chemicals,"Philadelphia, Pennsylvania",8/19/09,37785,1883,0.043205,   114.50,-2.64,(-2.25%),Pennsylvania,Pa.,PA,379
Wilmington,Delaware,INCY,Incyte,Health Care,Biotechnology,"Wilmington, Delaware",2/28/17,879169,1991,0.04291,   82.37,1.73,-2.15%,Delaware,Del.,DE,380
Orrville,Ohio,SJM,JM Smucker,Consumer Staples,Packaged Foods & Meats,"Orrville, Ohio",11/6/08,91419,1897,0.042847,   134.80,-2.02,(-1.48%),Ohio,Ohio,OH,381
Charlotte,North Carolina,XRAY,Dentsply Sirona,Health Care,Health Care Supplies,"Charlotte, North Carolina",11/14/08,818479,1969,0.042721,   65.25,-1.55,(-2.32%),North Carolina,N.C.,NC,382
Lowell,Arkansas,JBHT,J. B. Hunt Transport Services,Industrials,Trucking,"Lowell, Arkansas",7/1/15,728535,1961,0.042527,   173.30,-3.14,(-1.78%),Arkansas,Ark.,AR,383
Midland,Texas,FANG,Diamondback Energy,Energy,Oil & Gas Exploration & Production,"Midland, Texas",12/3/18,1539838,2007,0.042225,   78.90,-0.9,(-1.13%),Texas,Tex.,TX,384
Fremont,California,ENPH,Enphase Energy,Information Technology,Electronic Components,"Fremont, California",1/7/21,1463101,2006,0.042108,   114.00,-7.42,(-6.11%),California,Calif.,CA,385
Fort Lauderdale,Florida,CTXS,Citrix Systems,Information Technology,Application Software,"Fort Lauderdale, Florida",12/1/99,877890,1989,0.041394,   117.32,-1.92,(-1.61%),Florida,Fla.,FL,386
Lake Forest,Illinois,PKG,Packaging Corporation of America,Materials,Paper Packaging,"Lake Forest, Illinois",7/26/17,75677,1959,0.041364,   151.56,-3.29,(-2.12%),Illinois,Ill.,IL,387
Kansas City,Missouri,EVRG,Evergy,Utilities,Electric Utilities,"Kansas City, Missouri",6/5/18,1711269,1909,0.041015,   61.51,-0.94,(-1.51%),Missouri,Mo.,MO,388
Madison,Wisconsin,LNT,Alliant Energy,Utilities,Electric Utilities,"Madison, Wisconsin",7/1/16,352541,1917,0.040865,   55.82,-1.15,(-2.02%),Wisconsin,Wis.,WI,389
Pittsburgh,Pennsylvania,WAB,Westinghouse Air Brake Technologies Corp,Industrials,Construction Machinery & Heavy Trucks,"Pittsburgh, Pennsylvania",2/27/19,943452,1869,0.040517,   77.72,-1.65,(-2.08%),Pennsylvania,Pa.,PA,390
Louisville,Kentucky,BF.B,Brown-Forman Corp.,Consumer Staples,Distillers & Vintners,"Louisville, Kentucky",10/31/82,14693,1870,0.040107,   76.17,-1.55,(-1.99%),Kentucky,Ky.,KY,391
Monroe,Louisiana,LUMN,Lumen Technologies,Communication Services,Alternative Carriers,"Monroe, Louisiana",3/25/99,18926,1877,0.039809,   13.81,-0.3,(-2.13%),Louisiana,La.,LA,392
Chicago,Illinois,LKQ,LKQ Corporation,Consumer Discretionary,Distributors,"Chicago, Illinois",5/23/16,1065696,1998,0.039342,   48.00,-1.2,(-2.44%),Illinois,Ill.,IL,393
Reston,Virginia,LDOS,Leidos Holdings,Industrials,Diversified Support Services,"Reston, Virginia",8/9/19,1336920,1969,0.039328,   101.47,-3.21,(-3.07%),Virginia,Va.,VA,394
Houston,Texas,PWR,Quanta Services Inc.,Industrials,Construction & Engineering,"Houston, Texas",7/1/09,1050915,1997,0.039279,   93.52,-5.07,(-5.14%),Texas,Tex.,TX,395
Kenosha,Wisconsin,SNA,Snap-on,Industrials,Industrial Machinery,"Kenosha, Wisconsin",9/30/82,91440,1920,0.03906,   245.48,-5.54,(-2.21%),Wisconsin,Wis.,WI,396
Highlands Ranch,Colorado,UDR,"UDR, Inc.",Real Estate,Residential REITs,"Highlands Ranch, Colorado",3/7/16,74208,1972,0.039048,   44.84,-1.28,(-2.78%),Colorado,Colo.,CO,397
Raleigh,North Carolina,AAP,Advance Auto Parts,Consumer Discretionary,Automotive Retail,"Raleigh, North Carolina",7/9/15,1158449,1932,0.038561,   201.79,-2.42,(-1.19%),North Carolina,N.C.,NC,398
Kirkland,Washington,MPWR,Monolithic Power Systems,Information Technology,Semiconductors,"Kirkland, Washington",2/12/21,1280452,1997,0.038558,   306.80,-13.61,(-4.25%),Washington,Wash.,WA,399
Eden Prairie,Minnesota,CHRW,C. H. Robinson Worldwide,Industrials,Air Freight & Logistics,"Eden Prairie, Minnesota",3/2/07,1043277,1905,0.038417,   97.15,-1.94,(-1.96%),Minnesota,Minn.,MN,400
Boston,Massachusetts,PTC,PTC Inc,Information Technology,Application Software,"Boston, Massachusetts",4/20/21,857005,1985,0.038304,   125.30,-4.86,(-3.73%),Massachusetts,Mass.,MA,401
Fort Worth,Texas,AAL,American Airlines Group,Industrials,Airlines,"Fort Worth, Texas",3/23/15,6201,1934,0.038201,   20.45,-1.12,(-5.19%),Texas,Tex.,TX,402
Houston,Texas,CNP,CenterPoint Energy,Utilities,Multi-Utilities,"Houston, Texas",7/31/85,1130310,1882,0.037936,   23.65,-0.31,(-1.29%),Texas,Tex.,TX,403
Austin,Minnesota,HRL,Hormel Foods Corp.,Consumer Staples,Packaged Foods & Meats,"Austin, Minnesota",3/4/09,48465,1891,0.037705,   46.88,-0.34,(-0.72%),Minnesota,Minn.,MN,404
Calhoun,Georgia,MHK,Mohawk Industries,Consumer Discretionary,Home Furnishings,"Calhoun, Georgia",12/23/13,851968,1878,0.037705,   209.49,-9.98,(-4.55%),Georgia,Ga.,GA,405
New York,New York,L,Loews Corp.,Financials,Multi-line Insurance,"New York, New York",,60086,1959,0.037418,   56.66,-1.05,(-1.82%),New York,N.Y.,NY,406
Paradise,Nevada,WYNN,Wynn Resorts Ltd,Consumer Discretionary,Casinos & Gaming,"Paradise, Nevada",11/14/08,1174922,2002,0.03733,   123.47,-1.53,(-1.22%),Nevada,Nev.,NV,407
New York,New York,TPR,"Tapestry, Inc.",Consumer Discretionary,"Apparel, Accessories & Luxury Goods","New York, New York",,1116132,2017,0.03686,   44.74,-1.77,(-3.81%),New York,N.Y.,NY,408
Dallas,Texas,ATO,Atmos Energy,Utilities,Gas Utilities,"Dallas, Texas",2/15/19,731802,1906,0.036786,   99.25,-2.06,(-2.03%),Texas,Tex.,TX,409
Hercules,California,BIO,Bio-Rad Laboratories,Health Care,Life Sciences Tools & Services,"Hercules, California",6/22/20,12208,1952,0.036696,   583.89,-12.49,(-2.09%),California,Calif.,CA,410
New York,New York,FOXA,Fox Corporation (Class A),Communication Services,Movies & Entertainment,"New York, New York",7/1/13,1754301,2019,0.036638,   37.98,-0.53,(-1.36%),New York,N.Y.,NY,411
New York,New York,IPG,Interpublic Group,Communication Services,Advertising,"New York, New York",10/1/92,51644,1930,0.036145,   31.53,-0.86,(-2.66%),New York,N.Y.,NY,412
Danvers,Massachusetts,ABMD,Abiomed,Health Care,Health Care Equipment,"Danvers, Massachusetts",5/31/18,815094,1981,0.036091,   274.00,-6.3,(-2.25%),Massachusetts,Mass.,MA,413
Pittsburgh,Pennsylvania,HWM,Howmet Aerospace,Industrials,Aerospace & Defense,"Pittsburgh, Pennsylvania",3/31/64,4281,2016,0.035881,   31.88,-0.52,(-1.60%),Pennsylvania,Pa.,PA,414
Pawtucket,Rhode Island,HAS,Hasbro Inc.,Consumer Discretionary,Leisure Products,"Pawtucket, Rhode Island",9/30/84,46080,1923,0.035824,   94.76,-3.45,(-3.51%),Rhode Island,R.I.,RI,415
Auburn Hills,Michigan,BWA,BorgWarner,Consumer Discretionary,Auto Parts & Equipment,"Auburn Hills, Michigan",12/19/11,908255,1880,0.035693,   49.75,-1.9,(-3.68%),Michigan,Mich.,MI,416
Radnor,Pennsylvania,LNC,Lincoln National,Financials,Multi-line Insurance,"Radnor, Pennsylvania",6/30/76,59558,1905,0.035319,   66.69,-1.42,(-2.08%),Pennsylvania,Pa.,PA,417
Tempe,Arizona,NLOK,NortonLifeLock,Information Technology,Application Software,"Tempe, Arizona",3/25/03,849399,1982,0.034616,   25.03,1.68,-7.19%,Arizona,Ariz.,AZ,418
Tampa,Florida,MOS,The Mosaic Company,Materials,Fertilizers & Agricultural Chemicals,"Tampa, Florida",9/26/11,1285785,1865,0.03457,   35.65,0.43,-1.22%,Florida,Fla.,FL,419
King of Prussia,Pennsylvania,UHS,Universal Health Services,Health Care,Health Care Facilities,"King of Prussia, Pennsylvania",9/20/14,352915,1979,0.034492,   153.20,-2.15,(-1.38%),Pennsylvania,Pa.,PA,420
Monett,Missouri,JKHY,Jack Henry & Associates,Information Technology,Data Processing & Outsourced Services,"Monett, Missouri",11/13/18,779152,1976,0.034107,   155.11,-1.2,(-0.77%),Missouri,Mo.,MO,421
Bethesda,Maryland,HST,Host Hotels & Resorts,Real Estate,Hotel & Resort REITs,"Bethesda, Maryland",3/20/07,1070750,1993,0.034058,   16.51,-0.48,(-2.83%),Maryland,Md.,MD,422
Boston,Massachusetts,IRM,Iron Mountain Incorporated,Real Estate,Specialized REITs,"Boston, Massachusetts",1/6/09,1020569,1951,0.034025,   40.53,-1.4,(-3.34%),Massachusetts,Mass.,MA,423
Wyomissing,Pennsylvania,PENN,Penn National Gaming,Consumer Discretionary,Casinos & Gaming,"Wyomissing, Pennsylvania",3/22/21,921738,1972,0.034025,   76.03,-7.06,(-8.50%),Pennsylvania,Pa.,PA,424
Beverly Hills,California,LYV,Live Nation Entertainment,Communication Services,Movies & Entertainment,"Beverly Hills, California",12/23/19,1335258,2010,0.033628,   77.55,-4.4,(-5.37%),California,Calif.,CA,425
Chicago,Illinois,CBOE,Cboe Global Markets,Financials,Financial Exchanges & Data,"Chicago, Illinois",3/1/17,1374310,1973,0.033471,   111.16,1.63,-1.49%,Illinois,Ill.,IL,426
Melville,New York,HSIC,Henry Schein,Health Care,Health Care Distributors,"Melville, New York",3/17/15,1000228,1932,0.033356,   78.63,-1.76,(-2.19%),New York,N.Y.,NY,427
Deerfield,Illinois,CF,CF Industries Holdings Inc,Materials,Fertilizers & Agricultural Chemicals,"Deerfield, Illinois",8/27/08,1324404,1946,0.032999,   54.23,-0.14,(-0.26%),Illinois,Ill.,IL,428
Eagle,Idaho,LW,Lamb Weston Holdings Inc,Consumer Staples,Packaged Foods & Meats,"Eagle, Idaho",12/3/18,1679273,1950,0.032586,   76.75,-1.39,(-1.78%),Idaho,Idaho,ID,429
Meridian,Colorado,DISH,Dish Network,Communication Services,Cable & Satellite,"Meridian, Colorado",3/13/17,1001082,1980,0.032435,   44.38,-1.85,(-4.00%),Colorado,Colo.,CO,430
Greenwich,Connecticut,WRB,W. R. Berkley Corporation,Financials,Property & Casualty Insurance,"Greenwich, Connecticut",12/5/19,11544,1967,0.031979,   77.79,-1.3,(-1.64%),Connecticut,Conn.,CT,431
Seattle,Washington,FFIV,F5 Networks,Information Technology,Communications Equipment,"Seattle, Washington",12/20/10,1048695,1996,0.031784,   174.96,-7.64,(-4.18%),Washington,Wash.,WA,432
Denver,Colorado,TAP,Molson Coors Beverage Company,Consumer Staples,Brewers,"Denver, Colorado",6/30/76,24545,1786,0.031634,   57.38,-0.42,(-0.73%),Colorado,Colo.,CO,433
Atlanta,Georgia,NWL,Newell Brands,Consumer Discretionary,Housewares & Specialties,"Atlanta, Georgia",4/30/89,814453,1903,0.03121,   28.63,-0.35,(-1.21%),Georgia,Ga.,GA,434
Dallas,Texas,CMA,Comerica Inc.,Financials,Diversified Banks,"Dallas, Texas",12/1/95,28412,1849,0.030545,   76.24,-0.84,(-1.09%),Texas,Tex.,TX,435
New York,New York,NWSA,News Corp (Class A),Communication Services,Publishing,"New York, New York",8/1/13,1564708,1980,0.030284,   26.14,-1.5,(-5.43%),New York,N.Y.,NY,436
Atlanta,Georgia,IVZ,Invesco Ltd.,Financials,Asset Management & Custody Banks,"Atlanta, Georgia",8/21/08,914208,1935,0.029974,   26.00,-1.26,(-4.62%),Georgia,Ga.,GA,437
Englewood,Colorado,WU,Western Union Co,Information Technology,Data Processing & Outsourced Services,"Englewood, Colorado",9/29/06,1365135,1851,0.029919,   24.56,-0.94,(-3.69%),Colorado,Colo.,CO,438
Jacksonville,Florida,REG,Regency Centers Corporation,Real Estate,Retail REITs,"Jacksonville, Florida",3/2/17,910606,1963,0.029155,   62.10,-2.42,(-3.75%),Florida,Fla.,FL,439
Menlo Park,California,RHI,Robert Half International,Industrials,Human Resource & Employment Services,"Menlo Park, California",12/5/00,315213,1948,0.02899,   87.45,-2.23,(-2.49%),California,Calif.,CA,440
Merrillville,Indiana,NI,NiSource Inc.,Utilities,Multi-Utilities,"Merrillville, Indiana",,1111711,1912,0.028854,   25.40,-0.41,(-1.59%),Indiana,Ind.,IN,441
Camden,New Jersey,CPB,Campbell Soup,Consumer Staples,Packaged Foods & Meats,"Camden, New Jersey",3/4/57,16732,1869,0.028717,   49.07,-0.96,(-1.92%),New Jersey,N.J.,NJ,442
Miami,Florida,NCLH,Norwegian Cruise Line Holdings,Consumer Discretionary,"Hotels, Resorts & Cruise Lines","Miami, Florida",10/13/17,1513761,1966,0.028649,   25.51,-2.15,(-7.77%),Florida,Fla.,FL,443
McKinney,Texas,GL,Globe Life Inc.,Financials,Life & Health Insurance,"McKinney, Texas",4/30/89,320335,1900,0.028385,   102.12,-1.79,(-1.72%),Texas,Tex.,TX,444
New York,New York,NLSN,Nielsen Holdings,Industrials,Research & Consulting Services,"New York, New York",7/9/13,1492633,1923,0.028345,   27.31,-0.68,(-2.43%),New York,N.Y.,NY,445
Phoenix,Arizona,PNW,Pinnacle West Capital,Utilities,Multi-Utilities,"Phoenix, Arizona",,764622,1985,0.027906,   83.65,-3.18,(-3.66%),Arizona,Ariz.,AZ,446
Milwaukee,Wisconsin,AOS,A.O. Smith Corp,Industrials,Building Products,"Milwaukee, Wisconsin",7/26/17,91142,1916,0.027608,   68.49,-2.38,(-3.36%),Wisconsin,Wis.,WI,447
Salt Lake City,Utah,ZION,Zions Bancorp,Financials,Regional Banks,"Salt Lake City, Utah",6/22/01,109380,1873,0.027298,   53.66,-4.88,(-8.34%),Utah,Utah,UT,448
San Mateo,California,BEN,Franklin Resources,Financials,Asset Management & Custody Banks,"San Mateo, California",,38777,1947,0.026703,   31.49,-2.3,(-6.81%),California,Calif.,CA,449
New York,New York,DISCK,"Discovery, Inc. (Series C)",Communication Services,Broadcasting,"New York, New York",8/7/14,1437107,1985,0.026375,   31.03,-0.86,(-2.70%),New York,N.Y.,NY,450
New Hyde Park,New York,KIM,Kimco Realty,Real Estate,Retail REITs,"New Hyde Park, New York",4/4/06,879101,1958,0.026148,   20.46,-0.62,(-2.94%),New York,N.Y.,NY,451
New York,New York,AIZ,Assurant,Financials,Multi-line Insurance,"New York, New York",4/10/07,1267238,1892,0.026137,   156.33,0.16,-0.10%,New York,N.Y.,NY,452
Denver,Colorado,DVA,DaVita Inc.,Health Care,Health Care Facilities,"Denver, Colorado",7/31/08,927066,1979,0.026077,   122.78,-1.83,(-1.47%),Colorado,Colo.,CO,453
Houston,Texas,MRO,Marathon Oil Corp.,Energy,Oil & Gas Exploration & Production,"Houston, Texas",5/1/91,101778,1887,0.025952,   11.49,0,0.00%,Texas,Tex.,TX,454
Sunnyvale,California,JNPR,Juniper Networks,Information Technology,Communications Equipment,"Sunnyvale, California",6/2/06,1043604,1996,0.025005,   25.90,-0.94,(-3.50%),California,Calif.,CA,455
Newport News,Virginia,HII,Huntington Ingalls Industries,Industrials,Aerospace & Defense,"Newport News, Virginia",1/3/18,1501585,2011,0.024921,   212.14,-2.56,(-1.19%),Virginia,Va.,VA,456
Charlotte,North Carolina,SEE,Sealed Air,Materials,Paper Packaging,"Charlotte, North Carolina",3/4/57,1012100,1960,0.02484,   55.45,-0.94,(-1.67%),North Carolina,N.C.,NC,457
Tysons Corner,Virginia,DXC,DXC Technology,Information Technology,IT Consulting & Other Services,"Tysons Corner, Virginia",4/4/17,1688568,2017,0.024797,   33.99,-0.04,(-0.12%),Virginia,Va.,VA,458
Houston,Texas,NRG,NRG Energy,Utilities,Independent Power Producers & Energy Traders,"Houston, Texas",1/29/10,1013871,1992,0.024479,   33.63,-1.06,(-3.06%),Texas,Tex.,TX,459
Seattle,Washington,ALK,Alaska Air Group,Industrials,Airlines,"Seattle, Washington",5/13/16,766421,1985,0.023512,   64.77,-0.77,(-1.17%),Washington,Wash.,WA,460
Houston,Texas,APA,APA Corporation,Energy,Oil & Gas Exploration & Production,"Houston, Texas",7/28/97,6769,1954,0.023339,   20.62,-0.42,(-2.00%),Texas,Tex.,TX,461
Atlanta,Georgia,ROL,"Rollins, Inc.",Industrials,Environmental & Facilities Services,"Atlanta, Georgia",10/1/18,84839,1948,0.023255,   35.75,-1.2,(-3.25%),Georgia,Ga.,GA,462
New York,New York,PVH,PVH Corp.,Consumer Discretionary,"Apparel, Accessories & Luxury Goods","New York, New York",2/15/13,78239,1881,0.023072,   105.95,-5.84,(-5.22%),New York,N.Y.,NY,463
Rockville,Maryland,FRT,Federal Realty Investment Trust,Real Estate,Retail REITs,"Rockville, Maryland",2/1/16,34903,1962,0.022778,   110.48,-3.73,(-3.27%),Maryland,Md.,MD,464
Bridgeport,Connecticut,PBCT,People's United Financial,Financials,Thrifts & Mortgage Finance,"Bridgeport, Connecticut",11/13/08,1378946,1842,0.022666,   17.68,-1.08,(-5.76%),Connecticut,Conn.,CT,465
Wilsonville,Oregon,FLIR,FLIR Systems,Information Technology,Electronic Equipment & Instruments,"Wilsonville, Oregon",1/2/09,354908,1978,0.021827,   57.52,-0.85,(-1.46%),Oregon,Ore.,OR,466
Carthage,Missouri,LEG,Leggett & Platt,Consumer Discretionary,Home Furnishings,"Carthage, Missouri",,58492,1883,0.021743,   54.50,-2.19,(-3.86%),Missouri,Mo.,MO,467
Winston-Salem,North Carolina,HBI,Hanesbrands Inc,Consumer Discretionary,"Apparel, Accessories & Luxury Goods","Winston-Salem, North Carolina",3/20/15,1359841,2000,0.021551,   18.76,-0.52,(-2.70%),North Carolina,N.C.,NC,468
San Francisco,California,GPS,Gap Inc.,Consumer Discretionary,Apparel Retail,"San Francisco, California",8/31/86,39911,1969,0.020696,   32.46,-2.83,(-8.02%),California,Calif.,CA,469
New York,New York,VNO,Vornado Realty Trust,Real Estate,Office REITs,"New York, New York",,899689,1982,0.020593,   44.57,-1.44,(-3.13%),New York,N.Y.,NY,470
Houston,Texas,COG,Cabot Oil & Gas,Energy,Oil & Gas Exploration & Production,"Houston, Texas",6/23/08,858470,1989,0.019946,   17.50,0.09,-0.52%,Texas,Tex.,TX,471
Oxford,Massachusetts,IPGP,IPG Photonics Corp.,Information Technology,Electronic Manufacturing Services,"Oxford, Massachusetts",3/7/18,1111928,1990,0.019015,   187.50,-3.25,(-1.70%),Massachusetts,Mass.,MA,472
Houston,Texas,NOV,NOV Inc.,Energy,Oil & Gas Equipment & Services,"Houston, Texas",3/14/05,1021860,1841,0.018794,   16.75,-0.21,(-1.24%),Texas,Tex.,TX,473
New York,New York,RL,Ralph Lauren Corporation,Consumer Discretionary,"Apparel, Accessories & Luxury Goods","New York, New York",2/2/07,1037038,1967,0.018722,   127.00,-7.05,(-5.26%),New York,N.Y.,NY,474
Chattanooga,Tennessee,UNM,Unum Group,Financials,Life & Health Insurance,"Chattanooga, Tennessee",3/1/94,5513,1999,0.017422,   29.02,-0.86,(-2.88%),Tennessee,Tenn.,TN,475
New York,New York,DISCA,"Discovery, Inc. (Series A)",Communication Services,Broadcasting,"New York, New York",3/1/10,1437107,1985,0.016991,   35.50,-1.29,(-3.49%),New York,N.Y.,NY,476
New York,New York,FOX,Fox Corporation (Class B),Communication Services,Movies & Entertainment,"New York, New York",9/18/15,1754301,2019,0.016158,   36.48,-0.91,(-2.43%),New York,N.Y.,NY,477
Dallas,Texas,HFC,HollyFrontier Corp,Energy,Oil & Gas Refining & Marketing,"Dallas, Texas",6/18/18,48039,1947,0.014809,   34.40,0.19,-0.56%,Texas,Tex.,TX,478
Baltimore,Maryland,UAA,Under Armour (Class A),Consumer Discretionary,"Apparel, Accessories & Luxury Goods","Baltimore, Maryland",5/1/14,1336917,1996,0.012369,   22.04,-1,(-4.34%),Maryland,Md.,MD,479
Baltimore,Maryland,UA,Under Armour (Class C),Consumer Discretionary,"Apparel, Accessories & Luxury Goods","Baltimore, Maryland",4/8/16,1336917,1996,0.010666,   18.21,-0.98,(-5.11%),Maryland,Md.,MD,480
New York,New York,NWS,News Corp (Class B),Communication Services,Publishing,"New York, New York",9/18/15,1564708,1980,0.008748,   24.48,-1.16,(-4.52%),New York,N.Y.,NY,481